"Molecule ChEMBL ID";"Molecule Name";"Molecule Max Phase";"Molecular Weight";"#RO5 Violations";"AlogP";"Compound Key";"Smiles";"Standard Type";"Standard Relation";"Standard Value";"Standard Units";"pChEMBL Value";"Data Validity Comment";"Comment";"Uo Units";"Ligand Efficiency BEI";"Ligand Efficiency LE";"Ligand Efficiency LLE";"Ligand Efficiency SEI";"Potential Duplicate";"Assay ChEMBL ID";"Assay Description";"Assay Type";"BAO Format ID";"BAO Label";"Assay Organism";"Assay Tissue ChEMBL ID";"Assay Tissue Name";"Assay Cell Type";"Assay Subcellular Fraction";"Assay Parameters";"Assay Variant Accession";"Assay Variant Mutation";"Target ChEMBL ID";"Target Name";"Target Organism";"Target Type";"Document ChEMBL ID";"Source ID";"Source Description";"Document Journal";"Document Year";"Cell ChEMBL ID";"Properties";"Action Type";"Standard Text Value";"Value"
"CHEMBL4075157";"";"None";"3364.73";"None";"None";"4";"CC[C@H](C)[C@H](NC(=O)[C@H](Cc1ccccc1)NC(=O)[C@H](CCC(=O)O)NC(=O)[C@H](CCCCN)NC(=O)[C@H](C)NC(=O)[C@H](C)NC(=O)[C@H](CCC(N)=O)NC(=O)CNC(=O)[C@H](CCC(=O)O)NC(=O)[C@H](CC(C)C)NC(=O)[C@H](Cc1ccc(O)cc1)NC(=O)[C@H](CO)NC(=O)[C@H](CO)NC(=O)[C@@H](NC(=O)[C@H](CC(=O)O)NC(=O)[C@H](CO)NC(=O)[C@@H](NC(=O)[C@H](Cc1ccccc1)NC(=O)[C@@H]1CCC(=O)N[C@@H](Cc2cnc[nH]2)C(=O)N[C@@H](C)C(=O)N[C@@H](CCC(=O)O)C(=O)NCC(=O)N1)[C@@H](C)O)C(C)C)C(=O)N[C@@H](C)C(=O)N[C@@H](Cc1c[nH]c2ccccc12)C(=O)N[C@@H](CC(C)C)C(=O)N[C@H](C(=O)N[C@@H](CCCCN)C(=O)NCC(=O)N[C@@H](CCCNC(=N)N)C(=O)NCC(N)=O)C(C)C";"Ki";"'>'";"50.0";"nM";"";"";"";"UO_0000065";"";"";"";"";"0";"CHEMBL3994844";"Displacement of [125I]-GLP (7 to 36 residues) from human GLP1R expressed in CHO cell membranes incubated for 30 mins measured after 10 hrs by scintillation proximity assay";"B";"BAO_0000219";"cell-based format";"Homo sapiens";"None";"None";"None";"None";"";"";"";"CHEMBL1784";"Glucagon-like peptide 1 receptor";"Homo sapiens";"SINGLE PROTEIN";"CHEMBL3994575";"1";"Scientific Literature";"Eur J Med Chem";"2017";"None";"";"";"";"50.0"
"CHEMBL4066546";"";"None";"3421.82";"None";"None";"6";"CC[C@H](C)[C@H](NC(=O)[C@H](Cc1ccccc1)NC(=O)[C@H](CCC(=O)O)NC(=O)[C@H](CCCCN)NC(=O)[C@H](C)NC(=O)[C@H](C)NC(=O)[C@H](CCC(N)=O)NC(=O)CNC(=O)[C@H](CCC(=O)O)NC(=O)[C@H](CC(C)C)NC(=O)[C@H](Cc1ccc(O)cc1)NC(=O)[C@H](CO)NC(=O)[C@H](CO)NC(=O)[C@@H](NC(=O)[C@H](CC(=O)O)NC(=O)[C@H](CO)NC(=O)[C@@H](NC(=O)[C@H](Cc1ccccc1)NC(=O)[C@@H]1CCC(=O)NCCCC[C@H](NC(=O)[C@@H](N)Cc2cnc[nH]2)C(=O)N[C@@H](CCC(=O)O)C(=O)NCC(=O)N1)[C@@H](C)O)C(C)C)C(=O)N[C@@H](C)C(=O)N[C@@H](Cc1c[nH]c2ccccc12)C(=O)N[C@@H](CC(C)C)C(=O)N[C@H](C(=O)N[C@@H](CCCCN)C(=O)NCC(=O)N[C@@H](CCCNC(=N)N)C(=O)NCC(N)=O)C(C)C";"Ki";"'>'";"50.0";"nM";"";"";"";"UO_0000065";"";"";"";"";"0";"CHEMBL3994844";"Displacement of [125I]-GLP (7 to 36 residues) from human GLP1R expressed in CHO cell membranes incubated for 30 mins measured after 10 hrs by scintillation proximity assay";"B";"BAO_0000219";"cell-based format";"Homo sapiens";"None";"None";"None";"None";"";"";"";"CHEMBL1784";"Glucagon-like peptide 1 receptor";"Homo sapiens";"SINGLE PROTEIN";"CHEMBL3994575";"1";"Scientific Literature";"Eur J Med Chem";"2017";"None";"";"";"";"50.0"
"CHEMBL4094078";"";"None";"3375.75";"None";"None";"7";"CC[C@H](C)[C@H](NC(=O)[C@H](Cc1ccccc1)NC(=O)[C@H](CCC(=O)O)NC(=O)[C@H](CCCCN)NC(=O)[C@H](C)NC(=O)[C@H](C)NC(=O)[C@H](CCC(N)=O)NC(=O)CNC(=O)[C@H](CCC(=O)O)NC(=O)[C@H](CC(C)C)NC(=O)[C@H](Cc1ccc(O)cc1)NC(=O)[C@H](CO)NC(=O)[C@H](CO)NC(=O)[C@@H](NC(=O)[C@H](CC(=O)O)NC(=O)[C@H](CO)NC(=O)[C@@H](NC(=O)[C@@H]1CCC(=O)NCCCC[C@H](NC(=O)[C@@H](N)Cc2cnc[nH]2)C(=O)N[C@@H](CCC(=O)O)C(=O)NCC(=O)N[C@@H]([C@@H](C)O)C(=O)N1)[C@@H](C)O)C(C)C)C(=O)N[C@@H](C)C(=O)N[C@@H](Cc1c[nH]c2ccccc12)C(=O)N[C@@H](CC(C)C)C(=O)N[C@H](C(=O)N[C@@H](CCCCN)C(=O)NCC(=O)N[C@@H](CCCNC(=N)N)C(=O)NCC(N)=O)C(C)C";"Ki";"'>'";"50.0";"nM";"";"";"";"UO_0000065";"";"";"";"";"0";"CHEMBL3994844";"Displacement of [125I]-GLP (7 to 36 residues) from human GLP1R expressed in CHO cell membranes incubated for 30 mins measured after 10 hrs by scintillation proximity assay";"B";"BAO_0000219";"cell-based format";"Homo sapiens";"None";"None";"None";"None";"";"";"";"CHEMBL1784";"Glucagon-like peptide 1 receptor";"Homo sapiens";"SINGLE PROTEIN";"CHEMBL3994575";"1";"Scientific Literature";"Eur J Med Chem";"2017";"None";"";"";"";"50.0"
"CHEMBL3426244";"";"None";"1502.71";"None";"None";"4";"CCc1cc(OC)ccc1-c1ccc(C[C@H](NC(=O)[C@@H]2CCCC(=O)NCCCC[C@H](NC(=O)CNC(=O)[C@H](CCC(=O)O)NC(=O)C(C)(C)NC(=O)[C@@H](N)Cc3cnc[nH]3)C(=O)N[C@@](C)(Cc3ccccc3F)C(=O)N[C@@H]([C@@H](C)O)C(=O)N[C@@H](CO)C(=O)N2)C(=O)N[C@@H](CCCc2ccccc2)C(N)=O)cc1";"Ki";"'='";"300.0";"nM";"6.52";"";"";"UO_0000065";"4.34";"None";"None";"None";"0";"CHEMBL3428276";"Displacement of [125I]-17 from human GLP-1R expressed in CHO cell membranes incubated for 120 mins by scintillation counting based radioligand binding assay";"B";"BAO_0000219";"cell-based format";"Homo sapiens";"None";"None";"CHO";"None";"";"";"";"CHEMBL1784";"Glucagon-like peptide 1 receptor";"Homo sapiens";"SINGLE PROTEIN";"CHEMBL3425455";"1";"Scientific Literature";"J Med Chem";"2015";"CHEMBL3308072";"";"";"";"300.0"
"CHEMBL3426246";"";"None";"1488.68";"None";"None";"6";"CCc1cc(OC)ccc1-c1ccc(C[C@H](NC(=O)[C@@H]2CCCCNC(=O)CC[C@H](NC(=O)CNC(=O)[C@H](CCC(=O)O)NC(=O)C(C)(C)NC(=O)[C@@H](N)Cc3cnc[nH]3)C(=O)N[C@@](C)(Cc3ccccc3F)C(=O)N[C@@H]([C@@H](C)O)C(=O)N[C@@H](CO)C(=O)N2)C(=O)N[C@@H](CCCc2ccccc2)C(N)=O)cc1";"Ki";"'='";"320.0";"nM";"6.50";"";"";"UO_0000065";"4.36";"None";"None";"None";"0";"CHEMBL3428276";"Displacement of [125I]-17 from human GLP-1R expressed in CHO cell membranes incubated for 120 mins by scintillation counting based radioligand binding assay";"B";"BAO_0000219";"cell-based format";"Homo sapiens";"None";"None";"CHO";"None";"";"";"";"CHEMBL1784";"Glucagon-like peptide 1 receptor";"Homo sapiens";"SINGLE PROTEIN";"CHEMBL3425455";"1";"Scientific Literature";"J Med Chem";"2015";"CHEMBL3308072";"";"";"";"320.0"
"CHEMBL1933360";"";"None";"475.47";"1";"5.02";"44, (-)-enantiomer";"CCCC(Oc1cnn(-c2ccc(C(F)(F)F)cc2)c1)c1ccc(C(=O)NCCC(=O)O)cc1";"Ki";"'='";"16500.0";"nM";"4.78";"";"";"UO_0000065";"10.06";"0.19";"-0.24";"5.12";"0";"CHEMBL1937452";"Displacement of [125I]GLP-1 from human GLP1R";"B";"BAO_0000357";"single protein format";"Homo sapiens";"None";"None";"None";"None";"";"";"";"CHEMBL1784";"Glucagon-like peptide 1 receptor";"Homo sapiens";"SINGLE PROTEIN";"CHEMBL1933020";"1";"Scientific Literature";"Bioorg Med Chem Lett";"2012";"None";"";"";"";"16.5"
"CHEMBL1933363";"";"None";"474.48";"1";"5.05";"46, (-)-enantiomer";"CCCC(Nc1cnn(-c2ccc(C(F)(F)F)cc2)c1)c1ccc(C(=O)NCCC(=O)O)cc1";"Ki";"'='";"9080.0";"nM";"5.04";"";"";"UO_0000065";"10.63";"0.20";"-0.01";"5.24";"0";"CHEMBL1937452";"Displacement of [125I]GLP-1 from human GLP1R";"B";"BAO_0000357";"single protein format";"Homo sapiens";"None";"None";"None";"None";"";"";"";"CHEMBL1784";"Glucagon-like peptide 1 receptor";"Homo sapiens";"SINGLE PROTEIN";"CHEMBL1933020";"1";"Scientific Literature";"Bioorg Med Chem Lett";"2012";"None";"";"";"";"9.08"
"CHEMBL1933364";"";"None";"528.45";"2";"5.59";"48, (-)-enantiomer";"O=C(O)CCNC(=O)c1ccc(C(CCC(F)(F)F)Nc2cnn(-c3ccc(C(F)(F)F)cc3)c2)cc1";"Ki";"'='";"816.0";"nM";"6.09";"";"";"UO_0000065";"11.52";"0.22";"0.50";"6.33";"0";"CHEMBL1937452";"Displacement of [125I]GLP-1 from human GLP1R";"B";"BAO_0000357";"single protein format";"Homo sapiens";"None";"None";"None";"None";"";"";"";"CHEMBL1784";"Glucagon-like peptide 1 receptor";"Homo sapiens";"SINGLE PROTEIN";"CHEMBL1933020";"1";"Scientific Literature";"Bioorg Med Chem Lett";"2012";"None";"";"";"";"0.816"
"CHEMBL1933365";"";"None";"500.52";"2";"5.44";"50, (-)-enantiomer";"O=C(O)CCNC(=O)c1ccc(C(Nc2cnn(-c3ccc(C(F)(F)F)cc3)c2)C2CCCC2)cc1";"Ki";"'='";"3340.0";"nM";"5.48";"";"";"UO_0000065";"10.94";"0.21";"0.04";"5.69";"0";"CHEMBL1937452";"Displacement of [125I]GLP-1 from human GLP1R";"B";"BAO_0000357";"single protein format";"Homo sapiens";"None";"None";"None";"None";"";"";"";"CHEMBL1784";"Glucagon-like peptide 1 receptor";"Homo sapiens";"SINGLE PROTEIN";"CHEMBL1933020";"1";"Scientific Literature";"Bioorg Med Chem Lett";"2012";"None";"";"";"";"3.34"
"CHEMBL3426243";"";"None";"1488.68";"None";"None";"3";"CCc1cc(OC)ccc1-c1ccc(C[C@H](NC(=O)[C@@H]2CCC(=O)NCCCC[C@H](NC(=O)CNC(=O)[C@H](CCC(=O)O)NC(=O)C(C)(C)NC(=O)[C@@H](N)Cc3cnc[nH]3)C(=O)N[C@@](C)(Cc3ccccc3F)C(=O)N[C@@H]([C@@H](C)O)C(=O)N[C@@H](CO)C(=O)N2)C(=O)N[C@@H](CCCc2ccccc2)C(N)=O)cc1";"Ki";"'='";"17.0";"nM";"7.77";"";"";"UO_0000065";"5.22";"None";"None";"None";"0";"CHEMBL3428276";"Displacement of [125I]-17 from human GLP-1R expressed in CHO cell membranes incubated for 120 mins by scintillation counting based radioligand binding assay";"B";"BAO_0000219";"cell-based format";"Homo sapiens";"None";"None";"CHO";"None";"";"";"";"CHEMBL1784";"Glucagon-like peptide 1 receptor";"Homo sapiens";"SINGLE PROTEIN";"CHEMBL3425455";"1";"Scientific Literature";"J Med Chem";"2015";"CHEMBL3308072";"";"";"";"17.0"
"CHEMBL3426294";"";"None";"1497.69";"None";"None";"11";"CCc1cc(OC)ccc1-c1ccc(C[C@H](NC(=O)[C@H](CC(=O)O)NC(=O)[C@H](CO)NC(=O)[C@@H](NC(=O)[C@](C)(Cc2ccccc2F)NC(=O)[C@H]2CSSCC[C@H](NC(=O)[C@@H](N)Cc3cnc[nH]3)C(=O)N[C@@H](CCC(=O)O)C(=O)NCC(=O)N2)[C@@H](C)O)C(=O)N[C@@H](CCCc2ccccc2)C(N)=O)cc1";"Ki";"'>'";"8000.0";"nM";"";"";"";"UO_0000065";"";"";"";"";"0";"CHEMBL3428276";"Displacement of [125I]-17 from human GLP-1R expressed in CHO cell membranes incubated for 120 mins by scintillation counting based radioligand binding assay";"B";"BAO_0000219";"cell-based format";"Homo sapiens";"None";"None";"CHO";"None";"";"";"";"CHEMBL1784";"Glucagon-like peptide 1 receptor";"Homo sapiens";"SINGLE PROTEIN";"CHEMBL3425455";"1";"Scientific Literature";"J Med Chem";"2015";"CHEMBL3308072";"";"";"";"8000.0"
"CHEMBL4104225";"";"None";"3421.82";"None";"None";"8";"CC[C@H](C)[C@H](NC(=O)[C@H](Cc1ccccc1)NC(=O)[C@H](CCC(=O)O)NC(=O)[C@H](CCCCN)NC(=O)[C@H](C)NC(=O)[C@H](C)NC(=O)[C@H](CCC(N)=O)NC(=O)CNC(=O)[C@H](CCC(=O)O)NC(=O)[C@H](CC(C)C)NC(=O)[C@H](Cc1ccc(O)cc1)NC(=O)[C@H](CO)NC(=O)[C@H](CO)NC(=O)[C@@H](NC(=O)[C@H](CC(=O)O)NC(=O)[C@H](CO)NC(=O)[C@@H]1CCC(=O)NCCCC[C@H](NC(=O)[C@@H](N)Cc2cnc[nH]2)C(=O)N[C@@H](CCC(=O)O)C(=O)NCC(=O)N[C@@H]([C@@H](C)O)C(=O)N[C@@H](Cc2ccccc2)C(=O)N1)C(C)C)C(=O)N[C@@H](C)C(=O)N[C@@H](Cc1c[nH]c2ccccc12)C(=O)N[C@@H](CC(C)C)C(=O)N[C@H](C(=O)N[C@@H](CCCCN)C(=O)NCC(=O)N[C@@H](CCCNC(=N)N)C(=O)NCC(N)=O)C(C)C";"Ki";"'>'";"50.0";"nM";"";"";"";"UO_0000065";"";"";"";"";"0";"CHEMBL3994844";"Displacement of [125I]-GLP (7 to 36 residues) from human GLP1R expressed in CHO cell membranes incubated for 30 mins measured after 10 hrs by scintillation proximity assay";"B";"BAO_0000219";"cell-based format";"Homo sapiens";"None";"None";"None";"None";"";"";"";"CHEMBL1784";"Glucagon-like peptide 1 receptor";"Homo sapiens";"SINGLE PROTEIN";"CHEMBL3994575";"1";"Scientific Literature";"Eur J Med Chem";"2017";"None";"";"";"";"50.0"
"CHEMBL4086317";"";"None";"3391.80";"None";"None";"9";"CC[C@H](C)[C@H](NC(=O)[C@H](Cc1ccccc1)NC(=O)[C@H](CCC(=O)O)NC(=O)[C@H](CCCCN)NC(=O)[C@H](C)NC(=O)[C@H](C)NC(=O)[C@H](CCC(N)=O)NC(=O)CNC(=O)[C@H](CCC(=O)O)NC(=O)[C@H](CC(C)C)NC(=O)[C@H](Cc1ccc(O)cc1)NC(=O)[C@H](CO)NC(=O)[C@@H]1CC(=O)NCCCC[C@H](NC(=O)[C@H](Cc2ccccc2)NC(=O)[C@@H](NC(=O)CNC(=O)[C@H](CCC(=O)O)NC(=O)[C@H](C)NC(=O)[C@@H](N)Cc2cnc[nH]2)[C@@H](C)O)C(=O)N[C@@H](CO)C(=O)N[C@@H](CC(=O)O)C(=O)N[C@@H](C(C)C)C(=O)N1)C(=O)N[C@@H](C)C(=O)N[C@@H](Cc1c[nH]c2ccccc12)C(=O)N[C@@H](CC(C)C)C(=O)N[C@H](C(=O)N[C@@H](CCCCN)C(=O)NCC(=O)N[C@@H](CCCNC(=N)N)C(=O)NCC(N)=O)C(C)C";"Ki";"'='";"16.0";"nM";"7.80";"";"";"UO_0000065";"2.30";"None";"None";"None";"0";"CHEMBL3994844";"Displacement of [125I]-GLP (7 to 36 residues) from human GLP1R expressed in CHO cell membranes incubated for 30 mins measured after 10 hrs by scintillation proximity assay";"B";"BAO_0000219";"cell-based format";"Homo sapiens";"None";"None";"None";"None";"";"";"";"CHEMBL1784";"Glucagon-like peptide 1 receptor";"Homo sapiens";"SINGLE PROTEIN";"CHEMBL3994575";"1";"Scientific Literature";"Eur J Med Chem";"2017";"None";"";"";"";"16.0"
"CHEMBL3426241";"";"None";"1465.60";"None";"None";"1b";"CCc1cc(OC)ccc1-c1ccc(C[C@H](NC(=O)[C@H](CC(=O)O)NC(=O)[C@H](CO)NC(=O)[C@@H](NC(=O)[C@](C)(Cc2ccccc2F)NC(=O)[C@@H](NC(=O)CNC(=O)[C@H](CCC(=O)O)NC(=O)C(C)(C)NC(=O)[C@@H](N)Cc2cnc[nH]2)[C@@H](C)O)[C@@H](C)O)C(=O)N[C@@H](CCCc2ccccc2)C(N)=O)cc1";"Ki";"'='";"0.57";"nM";"9.24";"";"";"UO_0000065";"6.31";"None";"None";"None";"0";"CHEMBL3428276";"Displacement of [125I]-17 from human GLP-1R expressed in CHO cell membranes incubated for 120 mins by scintillation counting based radioligand binding assay";"B";"BAO_0000219";"cell-based format";"Homo sapiens";"None";"None";"CHO";"None";"";"";"";"CHEMBL1784";"Glucagon-like peptide 1 receptor";"Homo sapiens";"SINGLE PROTEIN";"CHEMBL3425455";"1";"Scientific Literature";"J Med Chem";"2015";"CHEMBL3308072";"";"";"";"0.57"
"CHEMBL3426296";"";"None";"1511.72";"None";"None";"13";"CCc1cc(OC)ccc1-c1ccc(C[C@H](NC(=O)[C@H](CC(=O)O)NC(=O)[C@H](CO)NC(=O)[C@@H](NC(=O)[C@](C)(Cc2ccccc2F)NC(=O)[C@H]2CCSSCC[C@H](NC(=O)[C@@H](N)Cc3cnc[nH]3)C(=O)N[C@@H](CCC(=O)O)C(=O)NCC(=O)N2)[C@@H](C)O)C(=O)N[C@@H](CCCc2ccccc2)C(N)=O)cc1";"Ki";"'='";"130.0";"nM";"6.89";"";"";"UO_0000065";"4.56";"None";"None";"None";"0";"CHEMBL3428276";"Displacement of [125I]-17 from human GLP-1R expressed in CHO cell membranes incubated for 120 mins by scintillation counting based radioligand binding assay";"B";"BAO_0000219";"cell-based format";"Homo sapiens";"None";"None";"CHO";"None";"";"";"";"CHEMBL1784";"Glucagon-like peptide 1 receptor";"Homo sapiens";"SINGLE PROTEIN";"CHEMBL3425455";"1";"Scientific Literature";"J Med Chem";"2015";"CHEMBL3308072";"";"";"";"130.0"
"CHEMBL3426297";"";"None";"1511.72";"None";"None";"14";"CCc1cc(OC)ccc1-c1ccc(C[C@H](NC(=O)[C@H](CC(=O)O)NC(=O)[C@H](CO)NC(=O)[C@@H](NC(=O)[C@](C)(Cc2ccccc2F)NC(=O)[C@H]2CCSSCC[C@@H](NC(=O)[C@@H](N)Cc3cnc[nH]3)C(=O)N[C@@H](CCC(=O)O)C(=O)NCC(=O)N2)[C@@H](C)O)C(=O)N[C@@H](CCCc2ccccc2)C(N)=O)cc1";"Ki";"'='";"41.0";"nM";"7.39";"";"";"UO_0000065";"4.89";"None";"None";"None";"0";"CHEMBL3428276";"Displacement of [125I]-17 from human GLP-1R expressed in CHO cell membranes incubated for 120 mins by scintillation counting based radioligand binding assay";"B";"BAO_0000219";"cell-based format";"Homo sapiens";"None";"None";"CHO";"None";"";"";"";"CHEMBL1784";"Glucagon-like peptide 1 receptor";"Homo sapiens";"SINGLE PROTEIN";"CHEMBL3425455";"1";"Scientific Literature";"J Med Chem";"2015";"CHEMBL3308072";"";"";"";"41.0"
"CHEMBL414357";"EXENATIDE";"4.0";"4186.64";"None";"None";"Exenatide";"CC[C@H](C)[C@H](NC(=O)[C@H](Cc1ccccc1)NC(=O)[C@H](CC(C)C)NC(=O)[C@H](CCCNC(=N)N)NC(=O)[C@@H](NC(=O)[C@H](C)NC(=O)[C@H](CCC(=O)O)NC(=O)[C@H](CCC(=O)O)NC(=O)[C@H](CCC(=O)O)NC(=O)[C@H](CCSC)NC(=O)[C@H](CCC(N)=O)NC(=O)[C@H](CCCCN)NC(=O)[C@H](CO)NC(=O)[C@H](CC(C)C)NC(=O)[C@H](CC(=O)O)NC(=O)[C@H](CO)NC(=O)[C@@H](NC(=O)[C@H](Cc1ccccc1)NC(=O)[C@@H](NC(=O)CNC(=O)[C@H](CCC(=O)O)NC(=O)CNC(=O)[C@@H](N)Cc1cnc[nH]1)[C@@H](C)O)[C@@H](C)O)C(C)C)C(=O)N[C@@H](CCC(=O)O)C(=O)N[C@@H](Cc1c[nH]c2ccccc12)C(=O)N[C@@H](CC(C)C)C(=O)N[C@@H](CCCCN)C(=O)N[C@@H](CC(N)=O)C(=O)NCC(=O)NCC(=O)N1CCC[C@H]1C(=O)N[C@@H](CO)C(=O)N[C@@H](CO)C(=O)NCC(=O)N[C@@H](C)C(=O)N1CCC[C@H]1C(=O)N1CCC[C@H]1C(=O)N1CCC[C@H]1C(=O)N[C@@H](CO)C(N)=O";"Ki";"'='";"0.092";"nM";"10.04";"";"";"UO_0000065";"2.40";"None";"None";"None";"0";"CHEMBL5168515";"Displacement of [125I]GLP-1 from FAP-tagged human GLP-1R expressed in CHO cells assessed as inhibition constant by radioligand binding assay";"B";"BAO_0000219";"cell-based format";"Homo sapiens";"None";"None";"CHO";"None";"";"";"";"CHEMBL1784";"Glucagon-like peptide 1 receptor";"Homo sapiens";"SINGLE PROTEIN";"CHEMBL5154938";"1";"Scientific Literature";"J Med Chem";"2022";"None";"";"AGONIST";"";"0.092"
"CHEMBL4073486";"";"None";"3380.73";"None";"None";"15";"CC[C@H](C)[C@H](NC(=O)[C@H](Cc1ccccc1)NC(=O)[C@H](CCC(=O)O)NC(=O)[C@H](CCCCN)NC(=O)[C@H](C)NC(=O)[C@H](C)NC(=O)[C@H](CCC(N)=O)NC(=O)CNC(=O)[C@H](CCC(=O)O)NC(=O)[C@H](CC(C)C)NC(=O)[C@H](Cc1ccc(O)cc1)NC(=O)[C@H](CO)NC(=O)[C@H](CO)NC(=O)[C@@H](NC(=O)[C@H](CC(=O)O)NC(=O)[C@H](CO)NC(=O)[C@@H](NC(=O)[C@H](Cc1ccccc1)NC(=O)[C@@H](NC(=O)CNC(=O)[C@H](CCC(=O)O)NC(=O)[C@H](C)NC(=O)[C@@H](N)Cc1cnc[nH]1)[C@@H](C)O)[C@@H](C)O)C(C)C)C(=O)N[C@H]1CCCCNC(=O)C[C@@H](C(=O)NCC(=O)N[C@@H](CCCNC(=N)N)C(=O)NCC(N)=O)NC(=O)[C@H](C(C)C)NC(=O)[C@H](CC(C)C)NC(=O)[C@H](Cc2c[nH]c3ccccc23)NC1=O";"Ki";"'='";"1.1";"nM";"8.96";"";"";"UO_0000065";"2.65";"None";"None";"None";"0";"CHEMBL3994844";"Displacement of [125I]-GLP (7 to 36 residues) from human GLP1R expressed in CHO cell membranes incubated for 30 mins measured after 10 hrs by scintillation proximity assay";"B";"BAO_0000219";"cell-based format";"Homo sapiens";"None";"None";"None";"None";"";"";"";"CHEMBL1784";"Glucagon-like peptide 1 receptor";"Homo sapiens";"SINGLE PROTEIN";"CHEMBL3994575";"1";"Scientific Literature";"Eur J Med Chem";"2017";"None";"";"";"";"1.1"
"CHEMBL4062134";"";"None";"3393.68";"None";"None";"16";"CC[C@H](C)[C@H](NC(=O)[C@H](Cc1ccccc1)NC(=O)[C@H](CCC(=O)O)NC(=O)[C@H](CCCCN)NC(=O)[C@H](C)NC(=O)[C@H](C)NC(=O)[C@H](CCC(N)=O)NC(=O)CNC(=O)[C@H](CCC(=O)O)NC(=O)[C@@H]1CC(=O)NCCCC[C@H](NC(=O)[C@H](CC(=O)O)NC(=O)[C@H](CO)NC(=O)[C@@H](NC(=O)[C@H](Cc2ccccc2)NC(=O)[C@@H](NC(=O)CNC(=O)[C@H](CCC(=O)O)NC(=O)[C@H](C)NC(=O)[C@@H](N)Cc2cnc[nH]2)[C@@H](C)O)[C@@H](C)O)C(=O)N[C@@H](CO)C(=O)N[C@@H](CO)C(=O)N[C@@H](Cc2ccc(O)cc2)C(=O)N1)C(=O)N[C@H]1CCCCNC(=O)C[C@@H](C(=O)NCC(=O)N[C@@H](CCCNC(=N)N)C(=O)NCC(N)=O)NC(=O)[C@H](C(C)C)NC(=O)[C@H](CC(C)C)NC(=O)[C@H](Cc2c[nH]c3ccccc23)NC1=O";"Ki";"'='";"1.4";"nM";"8.85";"";"";"UO_0000065";"2.61";"None";"None";"None";"0";"CHEMBL3994844";"Displacement of [125I]-GLP (7 to 36 residues) from human GLP1R expressed in CHO cell membranes incubated for 30 mins measured after 10 hrs by scintillation proximity assay";"B";"BAO_0000219";"cell-based format";"Homo sapiens";"None";"None";"None";"None";"";"";"";"CHEMBL1784";"Glucagon-like peptide 1 receptor";"Homo sapiens";"SINGLE PROTEIN";"CHEMBL3994575";"1";"Scientific Literature";"Eur J Med Chem";"2017";"None";"";"";"";"1.4"
"CHEMBL4066463";"";"None";"3407.71";"None";"None";"23";"CC[C@H](C)[C@H](NC(=O)[C@H](Cc1ccccc1)NC(=O)[C@H](CCC(=O)O)NC(=O)[C@H](CCCCN)NC(=O)[C@H](C)NC(=O)[C@H](C)NC(=O)[C@H](CCC(N)=O)NC(=O)[C@H](C)NC(=O)[C@H](CCC(=O)O)NC(=O)[C@@H]1CC(=O)NCCCC[C@H](NC(=O)[C@H](CC(=O)O)NC(=O)[C@H](CO)NC(=O)[C@@H](NC(=O)[C@H](Cc2ccccc2)NC(=O)[C@@H](NC(=O)CNC(=O)[C@H](CCC(=O)O)NC(=O)[C@H](C)NC(=O)[C@@H](N)Cc2cnc[nH]2)[C@@H](C)O)[C@@H](C)O)C(=O)N[C@@H](CO)C(=O)N[C@@H](CO)C(=O)N[C@@H](Cc2ccc(O)cc2)C(=O)N1)C(=O)N[C@H]1CCCCNC(=O)C[C@@H](C(=O)NCC(=O)N[C@@H](CCCNC(=N)N)C(=O)NCC(N)=O)NC(=O)[C@H](C(C)C)NC(=O)[C@H](CC(C)C)NC(=O)[C@H](Cc2c[nH]c3ccccc23)NC1=O";"Ki";"'='";"1.4";"nM";"8.85";"";"";"UO_0000065";"2.60";"None";"None";"None";"0";"CHEMBL3994844";"Displacement of [125I]-GLP (7 to 36 residues) from human GLP1R expressed in CHO cell membranes incubated for 30 mins measured after 10 hrs by scintillation proximity assay";"B";"BAO_0000219";"cell-based format";"Homo sapiens";"None";"None";"None";"None";"";"";"";"CHEMBL1784";"Glucagon-like peptide 1 receptor";"Homo sapiens";"SINGLE PROTEIN";"CHEMBL3994575";"1";"Scientific Literature";"Eur J Med Chem";"2017";"None";"";"";"";"1.4"
"CHEMBL4060480";"";"None";"3418.78";"None";"None";"24";"CC[C@H](C)[C@H](NC(=O)[C@H](Cc1ccccc1)NC(=O)[C@H](CCC(=O)O)NC(=O)[C@H](CCCCN)NC(=O)[C@H](C)NC(=O)[C@H](C)NC(=O)[C@H](CCC(N)=O)NC(=O)CNC(=O)[C@H](CCC(=O)O)NC(=O)[C@H](CC(C)C)NC(=O)[C@H](Cc1ccc(O)cc1)NC(=O)[C@H](CO)NC(=O)[C@H](CO)NC(=O)[C@H](Cc1ccc(O)cc1)NC(=O)[C@H](CC(=O)O)NC(=O)[C@H](CO)NC(=O)[C@@H](NC(=O)[C@H](Cc1ccccc1)NC(=O)[C@@H](NC(=O)CNC(=O)[C@H](CCC(=O)O)NC(=O)[C@H](C)NC(=O)[C@@H](N)Cc1cnc[nH]1)[C@@H](C)O)[C@@H](C)O)C(=O)N[C@@H](C)C(=O)N[C@@H](Cc1c[nH]c2ccccc12)C(=O)N[C@@H](CC(C)C)C(=O)N[C@H](C(=O)N[C@@H](CCCCN)C(=O)NCC(=O)N[C@@H](CCCNC(=N)N)C(=O)NCC(N)=O)C(C)C";"Ki";"'='";"0.23";"nM";"9.64";"";"";"UO_0000065";"2.82";"None";"None";"None";"0";"CHEMBL3994844";"Displacement of [125I]-GLP (7 to 36 residues) from human GLP1R expressed in CHO cell membranes incubated for 30 mins measured after 10 hrs by scintillation proximity assay";"B";"BAO_0000219";"cell-based format";"Homo sapiens";"None";"None";"None";"None";"";"";"";"CHEMBL1784";"Glucagon-like peptide 1 receptor";"Homo sapiens";"SINGLE PROTEIN";"CHEMBL3994575";"1";"Scientific Literature";"Eur J Med Chem";"2017";"None";"";"";"";"0.23"
"CHEMBL1933360";"";"None";"475.47";"1";"5.02";"44, (-)-enantiomer";"CCCC(Oc1cnn(-c2ccc(C(F)(F)F)cc2)c1)c1ccc(C(=O)NCCC(=O)O)cc1";"Ki";"'='";"21800.0";"nM";"4.66";"";"";"UO_0000065";"9.80";"0.19";"-0.36";"4.99";"0";"CHEMBL1937452";"Displacement of [125I]GLP-1 from human GLP1R";"B";"BAO_0000357";"single protein format";"Homo sapiens";"None";"None";"None";"None";"";"";"";"CHEMBL1784";"Glucagon-like peptide 1 receptor";"Homo sapiens";"SINGLE PROTEIN";"CHEMBL1933020";"1";"Scientific Literature";"Bioorg Med Chem Lett";"2012";"None";"";"";"";"21.8"
"CHEMBL3426242";"";"None";"1474.66";"None";"None";"2";"CCc1cc(OC)ccc1-c1ccc(C[C@H](NC(=O)[C@@H]2CC(=O)NCCCC[C@H](NC(=O)CNC(=O)[C@H](CCC(=O)O)NC(=O)C(C)(C)NC(=O)[C@@H](N)Cc3cnc[nH]3)C(=O)N[C@@](C)(Cc3ccccc3F)C(=O)N[C@@H]([C@@H](C)O)C(=O)N[C@@H](CO)C(=O)N2)C(=O)N[C@@H](CCCc2ccccc2)C(N)=O)cc1";"Ki";"'='";"59.0";"nM";"7.23";"";"";"UO_0000065";"4.90";"None";"None";"None";"0";"CHEMBL3428276";"Displacement of [125I]-17 from human GLP-1R expressed in CHO cell membranes incubated for 120 mins by scintillation counting based radioligand binding assay";"B";"BAO_0000219";"cell-based format";"Homo sapiens";"None";"None";"CHO";"None";"";"";"";"CHEMBL1784";"Glucagon-like peptide 1 receptor";"Homo sapiens";"SINGLE PROTEIN";"CHEMBL3425455";"1";"Scientific Literature";"J Med Chem";"2015";"CHEMBL3308072";"";"";"";"59.0"
"CHEMBL3426245";"";"None";"1474.66";"None";"None";"5";"CCc1cc(OC)ccc1-c1ccc(C[C@H](NC(=O)[C@@H]2CCCCNC(=O)C[C@H](NC(=O)CNC(=O)[C@H](CCC(=O)O)NC(=O)C(C)(C)NC(=O)[C@@H](N)Cc3cnc[nH]3)C(=O)N[C@@](C)(Cc3ccccc3F)C(=O)N[C@@H]([C@@H](C)O)C(=O)N[C@@H](CO)C(=O)N2)C(=O)N[C@@H](CCCc2ccccc2)C(N)=O)cc1";"Ki";"'='";"1200.0";"nM";"5.92";"";"";"UO_0000065";"4.02";"None";"None";"None";"0";"CHEMBL3428276";"Displacement of [125I]-17 from human GLP-1R expressed in CHO cell membranes incubated for 120 mins by scintillation counting based radioligand binding assay";"B";"BAO_0000219";"cell-based format";"Homo sapiens";"None";"None";"CHO";"None";"";"";"";"CHEMBL1784";"Glucagon-like peptide 1 receptor";"Homo sapiens";"SINGLE PROTEIN";"CHEMBL3425455";"1";"Scientific Literature";"J Med Chem";"2015";"CHEMBL3308072";"";"";"";"1200.0"
"CHEMBL3426299";"";"None";"1511.72";"None";"None";"16";"CCc1cc(OC)ccc1-c1ccc(C[C@H](NC(=O)[C@H](CC(=O)O)NC(=O)[C@H](CO)NC(=O)[C@@H](NC(=O)[C@](C)(Cc2ccccc2F)NC(=O)[C@@H]2CCSSCC[C@@H](NC(=O)[C@@H](N)Cc3cnc[nH]3)C(=O)N[C@@H](CCC(=O)O)C(=O)NCC(=O)N2)[C@@H](C)O)C(=O)N[C@@H](CCCc2ccccc2)C(N)=O)cc1";"Ki";"'='";"1700.0";"nM";"5.77";"";"";"UO_0000065";"3.82";"None";"None";"None";"0";"CHEMBL3428276";"Displacement of [125I]-17 from human GLP-1R expressed in CHO cell membranes incubated for 120 mins by scintillation counting based radioligand binding assay";"B";"BAO_0000219";"cell-based format";"Homo sapiens";"None";"None";"CHO";"None";"";"";"";"CHEMBL1784";"Glucagon-like peptide 1 receptor";"Homo sapiens";"SINGLE PROTEIN";"CHEMBL3425455";"1";"Scientific Literature";"J Med Chem";"2015";"CHEMBL3308072";"";"";"";"1700.0"
"CHEMBL3426291";"";"None";"1483.67";"None";"None";"8";"CCc1cc(OC)ccc1-c1ccc(C[C@H](NC(=O)[C@H](CC(=O)O)NC(=O)[C@H](CO)NC(=O)[C@@H](NC(=O)[C@](C)(Cc2ccccc2F)NC(=O)[C@@H]2CSSC[C@@H](NC(=O)[C@@H](N)Cc3cnc[nH]3)C(=O)N[C@@H](CCC(=O)O)C(=O)NCC(=O)N2)[C@@H](C)O)C(=O)N[C@@H](CCCc2ccccc2)C(N)=O)cc1";"Ki";"'='";"2400.0";"nM";"5.62";"";"";"UO_0000065";"3.79";"None";"None";"None";"0";"CHEMBL3428276";"Displacement of [125I]-17 from human GLP-1R expressed in CHO cell membranes incubated for 120 mins by scintillation counting based radioligand binding assay";"B";"BAO_0000219";"cell-based format";"Homo sapiens";"None";"None";"CHO";"None";"";"";"";"CHEMBL1784";"Glucagon-like peptide 1 receptor";"Homo sapiens";"SINGLE PROTEIN";"CHEMBL3425455";"1";"Scientific Literature";"J Med Chem";"2015";"CHEMBL3308072";"";"";"";"2400.0"
"CHEMBL577346";"";"None";"1545.66";"None";"None";"1a";"CCc1cc(OC)ccc1-c1ccc(C[C@H](NC(=O)[C@H](CC(=O)O)NC(=O)[C@H](CO)NC(=O)[C@@H](NC(=O)[C@](C)(Cc2c(F)cccc2F)NC(=O)[C@@H](NC(=O)CNC(=O)[C@H](CCC(=O)O)NC(=O)C(C)(C)NC(=O)[C@@H](N)Cc2cnc[nH]2)[C@@H](C)O)[C@@H](C)O)C(=O)N[C@@H](Cc2ccc(-c3ccccc3C)cc2)C(N)=O)cc1";"Ki";"'='";"0.66";"nM";"9.18";"";"";"UO_0000065";"5.94";"None";"None";"None";"0";"CHEMBL3428276";"Displacement of [125I]-17 from human GLP-1R expressed in CHO cell membranes incubated for 120 mins by scintillation counting based radioligand binding assay";"B";"BAO_0000219";"cell-based format";"Homo sapiens";"None";"None";"CHO";"None";"";"";"";"CHEMBL1784";"Glucagon-like peptide 1 receptor";"Homo sapiens";"SINGLE PROTEIN";"CHEMBL3425455";"1";"Scientific Literature";"J Med Chem";"2015";"CHEMBL3308072";"";"";"";"0.66"
"CHEMBL4079909";"";"None";"3422.81";"None";"None";"20";"CC[C@H](C)[C@H](NC(=O)[C@H](Cc1ccccc1)NC(=O)[C@H](CCC(=O)O)NC(=O)[C@H](CCCCN)NC(=O)[C@H](C)NC(=O)[C@H](C)NC(=O)[C@H](CCC(N)=O)NC(=O)[C@@H](NC(=O)[C@H](CCC(=O)O)NC(=O)[C@H](CC(C)C)NC(=O)[C@H](Cc1ccc(O)cc1)NC(=O)[C@H](CO)NC(=O)[C@H](CO)NC(=O)[C@@H](NC(=O)[C@H](CC(=O)O)NC(=O)[C@H](CO)NC(=O)[C@@H](NC(=O)[C@H](Cc1ccccc1)NC(=O)[C@@H](NC(=O)CNC(=O)[C@H](CCC(=O)O)NC(=O)[C@H](C)NC(=O)[C@@H](N)Cc1cnc[nH]1)[C@@H](C)O)[C@@H](C)O)C(C)C)C(C)C)C(=O)N[C@H]1CCCCNC(=O)C[C@@H](C(=O)NCC(=O)N[C@@H](CCCNC(=N)N)C(=O)NCC(N)=O)NC(=O)[C@H](C(C)C)NC(=O)[C@H](CC(C)C)NC(=O)[C@H](Cc2c[nH]c3ccccc23)NC1=O";"Ki";"'='";"1.5";"nM";"8.82";"";"";"UO_0000065";"2.58";"None";"None";"None";"0";"CHEMBL3994844";"Displacement of [125I]-GLP (7 to 36 residues) from human GLP1R expressed in CHO cell membranes incubated for 30 mins measured after 10 hrs by scintillation proximity assay";"B";"BAO_0000219";"cell-based format";"Homo sapiens";"None";"None";"None";"None";"";"";"";"CHEMBL1784";"Glucagon-like peptide 1 receptor";"Homo sapiens";"SINGLE PROTEIN";"CHEMBL3994575";"1";"Scientific Literature";"Eur J Med Chem";"2017";"None";"";"";"";"1.5"
"CHEMBL4104146";"";"None";"3348.73";"None";"None";"21";"CC[C@H](C)[C@H](NC(=O)[C@H](Cc1ccccc1)NC(=O)[C@H](CCC(=O)O)NC(=O)[C@H](CCCCN)NC(=O)[C@H](C)NC(=O)[C@H](C)NC(=O)[C@H](CCC(N)=O)NC(=O)CNC(=O)[C@@H]1CCCN1C(=O)[C@H](CC(C)C)NC(=O)[C@H](Cc1ccc(O)cc1)NC(=O)[C@H](CO)NC(=O)[C@H](CO)NC(=O)[C@@H](NC(=O)[C@H](CC(=O)O)NC(=O)[C@H](CO)NC(=O)[C@@H](NC(=O)[C@H](Cc1ccccc1)NC(=O)[C@@H](NC(=O)CNC(=O)[C@H](CCC(=O)O)NC(=O)[C@H](C)NC(=O)[C@@H](N)Cc1cnc[nH]1)[C@@H](C)O)[C@@H](C)O)C(C)C)C(=O)N[C@H]1CCCCNC(=O)C[C@@H](C(=O)NCC(=O)N[C@@H](CCCNC(=N)N)C(=O)NCC(N)=O)NC(=O)[C@H](C(C)C)NC(=O)[C@H](CC(C)C)NC(=O)[C@H](Cc2c[nH]c3ccccc23)NC1=O";"Ki";"'>'";"50.0";"nM";"";"";"";"UO_0000065";"";"";"";"";"0";"CHEMBL3994844";"Displacement of [125I]-GLP (7 to 36 residues) from human GLP1R expressed in CHO cell membranes incubated for 30 mins measured after 10 hrs by scintillation proximity assay";"B";"BAO_0000219";"cell-based format";"Homo sapiens";"None";"None";"None";"None";"";"";"";"CHEMBL1784";"Glucagon-like peptide 1 receptor";"Homo sapiens";"SINGLE PROTEIN";"CHEMBL3994575";"1";"Scientific Literature";"Eur J Med Chem";"2017";"None";"";"";"";"50.0"
"CHEMBL3426293";"";"None";"1497.69";"None";"None";"10";"CCc1cc(OC)ccc1-c1ccc(C[C@H](NC(=O)[C@H](CC(=O)O)NC(=O)[C@H](CO)NC(=O)[C@@H](NC(=O)[C@](C)(Cc2ccccc2F)NC(=O)[C@H]2CCSSC[C@@H](NC(=O)[C@@H](N)Cc3cnc[nH]3)C(=O)N[C@@H](CCC(=O)O)C(=O)NCC(=O)N2)[C@@H](C)O)C(=O)N[C@@H](CCCc2ccccc2)C(N)=O)cc1";"Ki";"'='";"550.0";"nM";"6.26";"";"";"UO_0000065";"4.18";"None";"None";"None";"0";"CHEMBL3428276";"Displacement of [125I]-17 from human GLP-1R expressed in CHO cell membranes incubated for 120 mins by scintillation counting based radioligand binding assay";"B";"BAO_0000219";"cell-based format";"Homo sapiens";"None";"None";"CHO";"None";"";"";"";"CHEMBL1784";"Glucagon-like peptide 1 receptor";"Homo sapiens";"SINGLE PROTEIN";"CHEMBL3425455";"1";"Scientific Literature";"J Med Chem";"2015";"CHEMBL3308072";"";"";"";"550.0"
"CHEMBL3426295";"";"None";"1497.69";"None";"None";"12";"CCc1cc(OC)ccc1-c1ccc(C[C@H](NC(=O)[C@H](CC(=O)O)NC(=O)[C@H](CO)NC(=O)[C@@H](NC(=O)[C@](C)(Cc2ccccc2F)NC(=O)[C@H]2CSSCC[C@@H](NC(=O)[C@@H](N)Cc3cnc[nH]3)C(=O)N[C@@H](CCC(=O)O)C(=O)NCC(=O)N2)[C@@H](C)O)C(=O)N[C@@H](CCCc2ccccc2)C(N)=O)cc1";"Ki";"'='";"4800.0";"nM";"5.32";"";"";"UO_0000065";"3.55";"None";"None";"None";"0";"CHEMBL3428276";"Displacement of [125I]-17 from human GLP-1R expressed in CHO cell membranes incubated for 120 mins by scintillation counting based radioligand binding assay";"B";"BAO_0000219";"cell-based format";"Homo sapiens";"None";"None";"CHO";"None";"";"";"";"CHEMBL1784";"Glucagon-like peptide 1 receptor";"Homo sapiens";"SINGLE PROTEIN";"CHEMBL3425455";"1";"Scientific Literature";"J Med Chem";"2015";"CHEMBL3308072";"";"";"";"4800.0"
"CHEMBL414357";"EXENATIDE";"4.0";"4186.64";"None";"None";"Exenatide";"CC[C@H](C)[C@H](NC(=O)[C@H](Cc1ccccc1)NC(=O)[C@H](CC(C)C)NC(=O)[C@H](CCCNC(=N)N)NC(=O)[C@@H](NC(=O)[C@H](C)NC(=O)[C@H](CCC(=O)O)NC(=O)[C@H](CCC(=O)O)NC(=O)[C@H](CCC(=O)O)NC(=O)[C@H](CCSC)NC(=O)[C@H](CCC(N)=O)NC(=O)[C@H](CCCCN)NC(=O)[C@H](CO)NC(=O)[C@H](CC(C)C)NC(=O)[C@H](CC(=O)O)NC(=O)[C@H](CO)NC(=O)[C@@H](NC(=O)[C@H](Cc1ccccc1)NC(=O)[C@@H](NC(=O)CNC(=O)[C@H](CCC(=O)O)NC(=O)CNC(=O)[C@@H](N)Cc1cnc[nH]1)[C@@H](C)O)[C@@H](C)O)C(C)C)C(=O)N[C@@H](CCC(=O)O)C(=O)N[C@@H](Cc1c[nH]c2ccccc12)C(=O)N[C@@H](CC(C)C)C(=O)N[C@@H](CCCCN)C(=O)N[C@@H](CC(N)=O)C(=O)NCC(=O)NCC(=O)N1CCC[C@H]1C(=O)N[C@@H](CO)C(=O)N[C@@H](CO)C(=O)NCC(=O)N[C@@H](C)C(=O)N1CCC[C@H]1C(=O)N1CCC[C@H]1C(=O)N1CCC[C@H]1C(=O)N[C@@H](CO)C(N)=O";"Ki";"'='";"0.053";"nM";"10.28";"";"";"UO_0000065";"2.45";"None";"None";"None";"0";"CHEMBL5168516";"Displacement of [3H]PF-06883365 from FAP-tagged human GLP-1R expressed in CHO cells assessed as inhibition constant by radioligand binding assay";"B";"BAO_0000219";"cell-based format";"Homo sapiens";"None";"None";"CHO";"None";"";"";"";"CHEMBL1784";"Glucagon-like peptide 1 receptor";"Homo sapiens";"SINGLE PROTEIN";"CHEMBL5154938";"1";"Scientific Literature";"J Med Chem";"2022";"None";"";"AGONIST";"";"0.053"
"CHEMBL3426300";"";"None";"1579.44";"None";"None";"17";"CCc1cc(OC)ccc1-c1ccc(C[C@H](NC(=O)[C@H](CC(=O)O)NC(=O)[C@H](CO)NC(=O)[C@@H](NC(=O)[C@](C)(Cc2ccccc2F)NC(=O)[C@@H](NC(=O)CNC(=O)[C@H](CCC(=O)O)NC(=O)C(C)(C)NC(=O)[C@@H](N)Cc2cnc[nH]2)[C@@H](C)O)[C@@H](C)O)C(=O)N[C@@H](Cc2ccc(O)c(I)c2)C(N)=O)cc1";"Ki";"'='";"6.0";"nM";"8.22";"";"";"UO_0000065";"5.21";"None";"None";"None";"0";"CHEMBL3428276";"Displacement of [125I]-17 from human GLP-1R expressed in CHO cell membranes incubated for 120 mins by scintillation counting based radioligand binding assay";"B";"BAO_0000219";"cell-based format";"Homo sapiens";"None";"None";"CHO";"None";"";"";"";"CHEMBL1784";"Glucagon-like peptide 1 receptor";"Homo sapiens";"SINGLE PROTEIN";"CHEMBL3425455";"1";"Scientific Literature";"J Med Chem";"2015";"CHEMBL3308072";"";"";"";"6.0"
"CHEMBL3426247";"";"None";"1483.67";"None";"None";"7";"CCc1cc(OC)ccc1-c1ccc(C[C@H](NC(=O)[C@H](CC(=O)O)NC(=O)[C@H](CO)NC(=O)[C@@H](NC(=O)[C@](C)(Cc2ccccc2F)NC(=O)[C@@H]2CSSC[C@H](NC(=O)[C@@H](N)Cc3cnc[nH]3)C(=O)N[C@@H](CCC(=O)O)C(=O)NCC(=O)N2)[C@@H](C)O)C(=O)N[C@@H](CCCc2ccccc2)C(N)=O)cc1";"Ki";"'>'";"3100.0";"nM";"";"";"";"UO_0000065";"";"";"";"";"0";"CHEMBL3428276";"Displacement of [125I]-17 from human GLP-1R expressed in CHO cell membranes incubated for 120 mins by scintillation counting based radioligand binding assay";"B";"BAO_0000219";"cell-based format";"Homo sapiens";"None";"None";"CHO";"None";"";"";"";"CHEMBL1784";"Glucagon-like peptide 1 receptor";"Homo sapiens";"SINGLE PROTEIN";"CHEMBL3425455";"1";"Scientific Literature";"J Med Chem";"2015";"CHEMBL3308072";"";"";"";"3100.0"
"CHEMBL4102787";"";"None";"3420.79";"None";"None";"19";"CC[C@H](C)[C@H](NC(=O)[C@H](Cc1ccccc1)NC(=O)[C@H](CCC(=O)O)NC(=O)[C@H](CCCCN)NC(=O)[C@H](C)NC(=O)[C@H](C)NC(=O)[C@H](CCC(N)=O)NC(=O)[C@@H]1CCCN1C(=O)[C@H](CCC(=O)O)NC(=O)[C@H](CC(C)C)NC(=O)[C@H](Cc1ccc(O)cc1)NC(=O)[C@H](CO)NC(=O)[C@H](CO)NC(=O)[C@@H](NC(=O)[C@H](CC(=O)O)NC(=O)[C@H](CO)NC(=O)[C@@H](NC(=O)[C@H](Cc1ccccc1)NC(=O)[C@@H](NC(=O)CNC(=O)[C@H](CCC(=O)O)NC(=O)[C@H](C)NC(=O)[C@@H](N)Cc1cnc[nH]1)[C@@H](C)O)[C@@H](C)O)C(C)C)C(=O)N[C@H]1CCCCNC(=O)C[C@@H](C(=O)NCC(=O)N[C@@H](CCCNC(=N)N)C(=O)NCC(N)=O)NC(=O)[C@H](C(C)C)NC(=O)[C@H](CC(C)C)NC(=O)[C@H](Cc2c[nH]c3ccccc23)NC1=O";"Ki";"'='";"18.0";"nM";"7.75";"";"";"UO_0000065";"2.26";"None";"None";"None";"0";"CHEMBL3994844";"Displacement of [125I]-GLP (7 to 36 residues) from human GLP1R expressed in CHO cell membranes incubated for 30 mins measured after 10 hrs by scintillation proximity assay";"B";"BAO_0000219";"cell-based format";"Homo sapiens";"None";"None";"None";"None";"";"";"";"CHEMBL1784";"Glucagon-like peptide 1 receptor";"Homo sapiens";"SINGLE PROTEIN";"CHEMBL3994575";"1";"Scientific Literature";"Eur J Med Chem";"2017";"None";"";"";"";"18.0"
"CHEMBL4091638";"";"None";"3367.69";"None";"None";"11";"CC[C@H](C)[C@H](NC(=O)[C@H](Cc1ccccc1)NC(=O)[C@H](CCC(=O)O)NC(=O)[C@H](CCCCN)NC(=O)[C@H](C)NC(=O)[C@H](C)NC(=O)[C@H](CCC(N)=O)NC(=O)CNC(=O)[C@H](CCC(=O)O)NC(=O)[C@@H]1CC(=O)NCCCC[C@H](NC(=O)[C@H](CC(=O)O)NC(=O)[C@H](CO)NC(=O)[C@@H](NC(=O)[C@H](Cc2ccccc2)NC(=O)[C@@H](NC(=O)CNC(=O)[C@H](CCC(=O)O)NC(=O)[C@H](C)NC(=O)[C@@H](N)Cc2cnc[nH]2)[C@@H](C)O)[C@@H](C)O)C(=O)N[C@@H](CO)C(=O)N[C@@H](CO)C(=O)N[C@@H](Cc2ccc(O)cc2)C(=O)N1)C(=O)N[C@@H](C)C(=O)N[C@@H](Cc1c[nH]c2ccccc12)C(=O)N[C@@H](CC(C)C)C(=O)N[C@H](C(=O)N[C@@H](CCCCN)C(=O)NCC(=O)N[C@@H](CCCNC(=N)N)C(=O)NCC(N)=O)C(C)C";"Ki";"'='";"0.52";"nM";"9.28";"";"";"UO_0000065";"2.76";"None";"None";"None";"0";"CHEMBL3994844";"Displacement of [125I]-GLP (7 to 36 residues) from human GLP1R expressed in CHO cell membranes incubated for 30 mins measured after 10 hrs by scintillation proximity assay";"B";"BAO_0000219";"cell-based format";"Homo sapiens";"None";"None";"None";"None";"";"";"";"CHEMBL1784";"Glucagon-like peptide 1 receptor";"Homo sapiens";"SINGLE PROTEIN";"CHEMBL3994575";"1";"Scientific Literature";"Eur J Med Chem";"2017";"None";"";"";"";"0.52"
"CHEMBL4081357";"";"None";"3435.85";"None";"None";"12";"CC[C@H](C)[C@H](NC(=O)[C@H](Cc1ccccc1)NC(=O)[C@H](CCC(=O)O)NC(=O)[C@H](CCCCN)NC(=O)[C@H](C)NC(=O)[C@H](C)NC(=O)[C@H](CCC(N)=O)NC(=O)[C@@H]1CC(=O)NCCCC[C@H](NC(=O)[C@H](CO)NC(=O)[C@@H](NC(=O)[C@H](CC(=O)O)NC(=O)[C@H](CO)NC(=O)[C@@H](NC(=O)[C@H](Cc2ccccc2)NC(=O)[C@@H](NC(=O)CNC(=O)[C@H](CCC(=O)O)NC(=O)[C@H](C)NC(=O)[C@@H](N)Cc2cnc[nH]2)[C@@H](C)O)[C@@H](C)O)C(C)C)C(=O)N[C@@H](Cc2ccc(O)cc2)C(=O)N[C@@H](CC(C)C)C(=O)N[C@@H](CCC(=O)O)C(=O)N1)C(=O)N[C@@H](C)C(=O)N[C@@H](Cc1c[nH]c2ccccc12)C(=O)N[C@@H](CC(C)C)C(=O)N[C@H](C(=O)N[C@@H](CCCCN)C(=O)NCC(=O)N[C@@H](CCCNC(=N)N)C(=O)NCC(N)=O)C(C)C";"Ki";"'='";"0.35";"nM";"9.46";"";"";"UO_0000065";"2.75";"None";"None";"None";"0";"CHEMBL3994844";"Displacement of [125I]-GLP (7 to 36 residues) from human GLP1R expressed in CHO cell membranes incubated for 30 mins measured after 10 hrs by scintillation proximity assay";"B";"BAO_0000219";"cell-based format";"Homo sapiens";"None";"None";"None";"None";"";"";"";"CHEMBL1784";"Glucagon-like peptide 1 receptor";"Homo sapiens";"SINGLE PROTEIN";"CHEMBL3994575";"1";"Scientific Literature";"Eur J Med Chem";"2017";"None";"";"";"";"0.35"
"CHEMBL4093072";"";"None";"3408.80";"None";"None";"Ex-4(1-30)-NH2";"CC[C@H](C)[C@H](NC(=O)[C@H](Cc1ccccc1)NC(=O)[C@H](CC(C)C)NC(=O)[C@H](CCCNC(=N)N)NC(=O)[C@@H](NC(=O)[C@H](C)NC(=O)[C@H](CCC(=O)O)NC(=O)[C@H](CCC(=O)O)NC(=O)[C@H](CCC(=O)O)NC(=O)[C@H](CCSC)NC(=O)[C@H](CCC(N)=O)NC(=O)[C@H](CCCCN)NC(=O)[C@H](CO)NC(=O)[C@H](CC(C)C)NC(=O)[C@H](CC(=O)O)NC(=O)[C@H](CO)NC(=O)[C@@H](NC(=O)[C@H](Cc1ccccc1)NC(=O)[C@@H](NC(=O)CNC(=O)[C@H](CCC(=O)O)NC(=O)CNC(=O)[C@@H](N)Cc1cnc[nH]1)[C@@H](C)O)[C@@H](C)O)C(C)C)C(=O)N[C@@H](CCC(=O)O)C(=O)N[C@@H](Cc1c[nH]c2ccccc12)C(=O)N[C@@H](CC(C)C)C(=O)N[C@@H](CCCCN)C(=O)N[C@@H](CC(N)=O)C(=O)NCC(=O)NCC(N)=O";"Ki";"'='";"0.49";"nM";"9.31";"";"";"UO_0000065";"2.73";"None";"None";"None";"0";"CHEMBL3994844";"Displacement of [125I]-GLP (7 to 36 residues) from human GLP1R expressed in CHO cell membranes incubated for 30 mins measured after 10 hrs by scintillation proximity assay";"B";"BAO_0000219";"cell-based format";"Homo sapiens";"None";"None";"None";"None";"";"";"";"CHEMBL1784";"Glucagon-like peptide 1 receptor";"Homo sapiens";"SINGLE PROTEIN";"CHEMBL3994575";"1";"Scientific Literature";"Eur J Med Chem";"2017";"None";"";"";"";"0.49"
"CHEMBL1933363";"";"None";"474.48";"1";"5.05";"45, (+)-enantiomer";"CCCC(Nc1cnn(-c2ccc(C(F)(F)F)cc2)c1)c1ccc(C(=O)NCCC(=O)O)cc1";"Ki";"'='";"10400.0";"nM";"4.98";"";"";"UO_0000065";"10.50";"0.20";"-0.07";"5.18";"0";"CHEMBL1937452";"Displacement of [125I]GLP-1 from human GLP1R";"B";"BAO_0000357";"single protein format";"Homo sapiens";"None";"None";"None";"None";"";"";"";"CHEMBL1784";"Glucagon-like peptide 1 receptor";"Homo sapiens";"SINGLE PROTEIN";"CHEMBL1933020";"1";"Scientific Literature";"Bioorg Med Chem Lett";"2012";"None";"";"";"";"10.4"
"CHEMBL3426292";"";"None";"1497.69";"None";"None";"9";"CCc1cc(OC)ccc1-c1ccc(C[C@H](NC(=O)[C@H](CC(=O)O)NC(=O)[C@H](CO)NC(=O)[C@@H](NC(=O)[C@](C)(Cc2ccccc2F)NC(=O)[C@H]2CCSSC[C@H](NC(=O)[C@@H](N)Cc3cnc[nH]3)C(=O)N[C@@H](CCC(=O)O)C(=O)NCC(=O)N2)[C@@H](C)O)C(=O)N[C@@H](CCCc2ccccc2)C(N)=O)cc1";"Ki";"'='";"980.0";"nM";"6.01";"";"";"UO_0000065";"4.01";"None";"None";"None";"0";"CHEMBL3428276";"Displacement of [125I]-17 from human GLP-1R expressed in CHO cell membranes incubated for 120 mins by scintillation counting based radioligand binding assay";"B";"BAO_0000219";"cell-based format";"Homo sapiens";"None";"None";"CHO";"None";"";"";"";"CHEMBL1784";"Glucagon-like peptide 1 receptor";"Homo sapiens";"SINGLE PROTEIN";"CHEMBL3425455";"1";"Scientific Literature";"J Med Chem";"2015";"CHEMBL3308072";"";"";"";"980.0"
"CHEMBL3426298";"";"None";"1511.72";"None";"None";"15";"CCc1cc(OC)ccc1-c1ccc(C[C@H](NC(=O)[C@H](CC(=O)O)NC(=O)[C@H](CO)NC(=O)[C@@H](NC(=O)[C@](C)(Cc2ccccc2F)NC(=O)[C@@H]2CCSSCC[C@H](NC(=O)[C@@H](N)Cc3cnc[nH]3)C(=O)N[C@@H](CCC(=O)O)C(=O)NCC(=O)N2)[C@@H](C)O)C(=O)N[C@@H](CCCc2ccccc2)C(N)=O)cc1";"Ki";"'='";"3000.0";"nM";"5.52";"";"";"UO_0000065";"3.65";"None";"None";"None";"0";"CHEMBL3428276";"Displacement of [125I]-17 from human GLP-1R expressed in CHO cell membranes incubated for 120 mins by scintillation counting based radioligand binding assay";"B";"BAO_0000219";"cell-based format";"Homo sapiens";"None";"None";"CHO";"None";"";"";"";"CHEMBL1784";"Glucagon-like peptide 1 receptor";"Homo sapiens";"SINGLE PROTEIN";"CHEMBL3425455";"1";"Scientific Literature";"J Med Chem";"2015";"CHEMBL3308072";"";"";"";"3000.0"
"CHEMBL5191519";"";"None";"586.64";"2";"5.63";"PF-06883365";"CCn1cncc1Cn1c(CN2CCC(c3cccc(OCc4ccc(F)cc4F)n3)CC2)nc2ccc(C(=O)O)cc21";"Ki";"'='";"51.0";"nM";"7.29";"";"";"UO_0000065";"12.43";"0.23";"1.66";"7.42";"0";"CHEMBL5168516";"Displacement of [3H]PF-06883365 from FAP-tagged human GLP-1R expressed in CHO cells assessed as inhibition constant by radioligand binding assay";"B";"BAO_0000219";"cell-based format";"Homo sapiens";"None";"None";"CHO";"None";"";"";"";"CHEMBL1784";"Glucagon-like peptide 1 receptor";"Homo sapiens";"SINGLE PROTEIN";"CHEMBL5154938";"1";"Scientific Literature";"J Med Chem";"2022";"None";"";"AGONIST";"";"51.0"
"CHEMBL4096416";"";"None";"3539.92";"None";"None";"27";"CC[C@H](C)[C@H](NC(=O)[C@H](Cc1ccccc1)NC(=O)[C@H](CCC(=O)O)NC(=O)[C@H](CCCCN)NC(=O)[C@H](C)NC(=O)[C@H](C)NC(=O)[C@H](CCC(N)=O)NC(=O)[C@@H]1CCC(=O)NCCCC[C@H](NC(=O)[C@H](CO)NC(=O)[C@H](Cc2ccc(O)cc2)NC(=O)[C@H](CC(=O)O)NC(=O)[C@H](CO)NC(=O)[C@@H](NC(=O)[C@H](Cc2ccccc2)NC(=O)[C@@H](NC(=O)CNC(=O)[C@H](CCC(=O)O)NC(=O)[C@H](C)NC(=O)[C@@H](N)Cc2cnc[nH]2)[C@@H](C)O)[C@@H](C)O)C(=O)N[C@@H](Cc2ccc(O)cc2)C(=O)N[C@@H](CC(C)C)C(=O)N[C@@H](CCC(=O)O)C(=O)N1)C(=O)N[C@H]1CCCCNC(=O)C[C@@H](C(=O)NCC(=O)N[C@@H](CCCNC(=N)N)C(=O)NCC(N)=O)NC(=O)[C@H](C(C)C)NC(=O)[C@H](CC(C)C)NC(=O)[C@H](Cc2c[nH]c3ccccc23)NC1=O";"Ki";"'='";"0.82";"nM";"9.09";"";"";"UO_0000065";"2.57";"None";"None";"None";"0";"CHEMBL3994844";"Displacement of [125I]-GLP (7 to 36 residues) from human GLP1R expressed in CHO cell membranes incubated for 30 mins measured after 10 hrs by scintillation proximity assay";"B";"BAO_0000219";"cell-based format";"Homo sapiens";"None";"None";"None";"None";"";"";"";"CHEMBL1784";"Glucagon-like peptide 1 receptor";"Homo sapiens";"SINGLE PROTEIN";"CHEMBL3994575";"1";"Scientific Literature";"Eur J Med Chem";"2017";"None";"";"";"";"0.82"
"CHEMBL4065403";"";"None";"3458.80";"None";"None";"28";"CC[C@H](C)[C@H](NC(=O)[C@H](Cc1ccccc1)NC(=O)[C@H](CCC(=O)O)NC(=O)[C@H](CCCCN)NC(=O)[C@H](C)NC(=O)[C@H](C)NC(=O)[C@H](CCC(N)=O)NC(=O)[C@H](C)NC(=O)[C@H](CCC(=O)O)NC(=O)[C@H](CC(C)C)NC(=O)[C@H](Cc1ccc(O)cc1)NC(=O)[C@H](CO)NC(=O)[C@H](CO)NC(=O)[C@H](Cc1ccc(O)cc1)NC(=O)[C@H](CC(=O)O)NC(=O)[C@H](CO)NC(=O)[C@@H](NC(=O)[C@H](Cc1ccccc1)NC(=O)[C@@H](NC(=O)CNC(=O)[C@H](CCC(=O)O)NC(=O)[C@H](C)NC(=O)[C@@H](N)Cc1cnc[nH]1)[C@@H](C)O)[C@@H](C)O)C(=O)N[C@H]1CCCCNC(=O)C[C@@H](C(=O)NCC(=O)N[C@@H](CCCNC(=N)N)C(=O)NCC(N)=O)NC(=O)[C@H](C(C)C)NC(=O)[C@H](CC(C)C)NC(=O)[C@H](Cc2c[nH]c3ccccc23)NC1=O";"Ki";"'='";"0.47";"nM";"9.33";"";"";"UO_0000065";"2.70";"None";"None";"None";"0";"CHEMBL3994844";"Displacement of [125I]-GLP (7 to 36 residues) from human GLP1R expressed in CHO cell membranes incubated for 30 mins measured after 10 hrs by scintillation proximity assay";"B";"BAO_0000219";"cell-based format";"Homo sapiens";"None";"None";"None";"None";"";"";"";"CHEMBL1784";"Glucagon-like peptide 1 receptor";"Homo sapiens";"SINGLE PROTEIN";"CHEMBL3994575";"1";"Scientific Literature";"Eur J Med Chem";"2017";"None";"";"";"";"0.47"
"CHEMBL4063807";"";"None";"3408.78";"None";"None";"3";"CC[C@H](C)[C@H](NC(=O)[C@H](Cc1ccccc1)NC(=O)[C@H](CCC(=O)O)NC(=O)[C@H](CCCCN)NC(=O)[C@H](C)NC(=O)[C@H](C)NC(=O)[C@H](CCC(N)=O)NC(=O)CNC(=O)[C@H](CCC(=O)O)NC(=O)[C@H](CC(C)C)NC(=O)[C@H](Cc1ccc(O)cc1)NC(=O)[C@H](CO)NC(=O)[C@H](CO)NC(=O)[C@@H](NC(=O)[C@H](CC(=O)O)NC(=O)[C@H](CO)NC(=O)[C@@H](NC(=O)[C@H](Cc1ccccc1)NC(=O)[C@@H](NC(=O)[C@@H]1CCC(=O)N[C@@H](Cc2cnc[nH]2)C(=O)N[C@@H](C)C(=O)N[C@@H](CCC(=O)O)C(=O)N1)[C@@H](C)O)[C@@H](C)O)C(C)C)C(=O)N[C@@H](C)C(=O)N[C@@H](Cc1c[nH]c2ccccc12)C(=O)N[C@@H](CC(C)C)C(=O)N[C@H](C(=O)N[C@@H](CCCCN)C(=O)NCC(=O)N[C@@H](CCCNC(=N)N)C(=O)NCC(N)=O)C(C)C";"Ki";"'='";"34.0";"nM";"7.47";"";"";"UO_0000065";"2.19";"None";"None";"None";"0";"CHEMBL3994844";"Displacement of [125I]-GLP (7 to 36 residues) from human GLP1R expressed in CHO cell membranes incubated for 30 mins measured after 10 hrs by scintillation proximity assay";"B";"BAO_0000219";"cell-based format";"Homo sapiens";"None";"None";"None";"None";"";"";"";"CHEMBL1784";"Glucagon-like peptide 1 receptor";"Homo sapiens";"SINGLE PROTEIN";"CHEMBL3994575";"1";"Scientific Literature";"Eur J Med Chem";"2017";"None";"";"";"";"34.0"
"CHEMBL4070761";"";"None";"3405.83";"None";"None";"10";"CC[C@H](C)[C@H](NC(=O)[C@H](Cc1ccccc1)NC(=O)[C@H](CCC(=O)O)NC(=O)[C@H](CCCCN)NC(=O)[C@H](C)NC(=O)[C@H](C)NC(=O)[C@H](CCC(N)=O)NC(=O)CNC(=O)[C@H](CCC(=O)O)NC(=O)[C@H](CC(C)C)NC(=O)[C@H](Cc1ccc(O)cc1)NC(=O)[C@@H]1CC(=O)NCCCC[C@H](NC(=O)[C@@H](NC(=O)[C@H](Cc2ccccc2)NC(=O)[C@@H](NC(=O)CNC(=O)[C@H](CCC(=O)O)NC(=O)[C@H](C)NC(=O)[C@@H](N)Cc2cnc[nH]2)[C@@H](C)O)[C@@H](C)O)C(=O)N[C@@H](CC(=O)O)C(=O)N[C@@H](C(C)C)C(=O)N[C@@H](CO)C(=O)N1)C(=O)N[C@@H](C)C(=O)N[C@@H](Cc1c[nH]c2ccccc12)C(=O)N[C@@H](CC(C)C)C(=O)N[C@H](C(=O)N[C@@H](CCCCN)C(=O)NCC(=O)N[C@@H](CCCNC(=N)N)C(=O)NCC(N)=O)C(C)C";"Ki";"'='";"10.0";"nM";"8.00";"";"";"UO_0000065";"2.35";"None";"None";"None";"0";"CHEMBL3994844";"Displacement of [125I]-GLP (7 to 36 residues) from human GLP1R expressed in CHO cell membranes incubated for 30 mins measured after 10 hrs by scintillation proximity assay";"B";"BAO_0000219";"cell-based format";"Homo sapiens";"None";"None";"None";"None";"";"";"";"CHEMBL1784";"Glucagon-like peptide 1 receptor";"Homo sapiens";"SINGLE PROTEIN";"CHEMBL3994575";"1";"Scientific Literature";"Eur J Med Chem";"2017";"None";"";"";"";"10.0"
"CHEMBL4099379";"";"None";"3449.88";"None";"None";"13";"CC[C@H](C)[C@H](NC(=O)[C@H](Cc1ccccc1)NC(=O)[C@H](CCC(=O)O)NC(=O)[C@H](CCCCN)NC(=O)[C@H](C)NC(=O)[C@H](C)NC(=O)[C@H](CCC(N)=O)NC(=O)[C@@H]1CCC(=O)NCCCC[C@H](NC(=O)[C@H](CO)NC(=O)[C@@H](NC(=O)[C@H](CC(=O)O)NC(=O)[C@H](CO)NC(=O)[C@@H](NC(=O)[C@H](Cc2ccccc2)NC(=O)[C@@H](NC(=O)CNC(=O)[C@H](CCC(=O)O)NC(=O)[C@H](C)NC(=O)[C@@H](N)Cc2cnc[nH]2)[C@@H](C)O)[C@@H](C)O)C(C)C)C(=O)N[C@@H](Cc2ccc(O)cc2)C(=O)N[C@@H](CC(C)C)C(=O)N[C@@H](CCC(=O)O)C(=O)N1)C(=O)N[C@@H](C)C(=O)N[C@@H](Cc1c[nH]c2ccccc12)C(=O)N[C@@H](CC(C)C)C(=O)N[C@H](C(=O)N[C@@H](CCCCN)C(=O)NCC(=O)N[C@@H](CCCNC(=N)N)C(=O)NCC(N)=O)C(C)C";"Ki";"'='";"0.84";"nM";"9.08";"";"";"UO_0000065";"2.63";"None";"None";"None";"0";"CHEMBL3994844";"Displacement of [125I]-GLP (7 to 36 residues) from human GLP1R expressed in CHO cell membranes incubated for 30 mins measured after 10 hrs by scintillation proximity assay";"B";"BAO_0000219";"cell-based format";"Homo sapiens";"None";"None";"None";"None";"";"";"";"CHEMBL1784";"Glucagon-like peptide 1 receptor";"Homo sapiens";"SINGLE PROTEIN";"CHEMBL3994575";"1";"Scientific Literature";"Eur J Med Chem";"2017";"None";"";"";"";"0.84"
"CHEMBL4084119";"LIRAGLUTIDE";"4.0";"3751.26";"None";"None";"Liraglutide";"CCCCCCCCCCCCCCCC(=O)N[C@@H](CCC(=O)NCCCC[C@H](NC(=O)[C@H](C)NC(=O)[C@H](C)NC(=O)[C@H](CCC(N)=O)NC(=O)CNC(=O)[C@H](CCC(=O)O)NC(=O)[C@H](CC(C)C)NC(=O)[C@H](Cc1ccc(O)cc1)NC(=O)[C@H](CO)NC(=O)[C@H](CO)NC(=O)[C@@H](NC(=O)[C@H](CC(=O)O)NC(=O)[C@H](CO)NC(=O)[C@@H](NC(=O)[C@H](Cc1ccccc1)NC(=O)[C@@H](NC(=O)CNC(=O)[C@H](CCC(=O)O)NC(=O)[C@H](C)NC(=O)[C@@H](N)Cc1cnc[nH]1)[C@@H](C)O)[C@@H](C)O)C(C)C)C(=O)N[C@@H](CCC(=O)O)C(=O)N[C@@H](Cc1ccccc1)C(=O)N[C@H](C(=O)N[C@@H](C)C(=O)N[C@@H](Cc1c[nH]c2ccccc12)C(=O)N[C@@H](CC(C)C)C(=O)N[C@H](C(=O)N[C@@H](CCCNC(=N)N)C(=O)NCC(=O)N[C@@H](CCCNC(=N)N)C(=O)NCC(=O)O)C(C)C)[C@@H](C)CC)C(=O)O";"Ki";"'='";"4.4";"nM";"8.36";"";"";"UO_0000065";"2.23";"None";"None";"None";"0";"CHEMBL5168515";"Displacement of [125I]GLP-1 from FAP-tagged human GLP-1R expressed in CHO cells assessed as inhibition constant by radioligand binding assay";"B";"BAO_0000219";"cell-based format";"Homo sapiens";"None";"None";"CHO";"None";"";"";"";"CHEMBL1784";"Glucagon-like peptide 1 receptor";"Homo sapiens";"SINGLE PROTEIN";"CHEMBL5154938";"1";"Scientific Literature";"J Med Chem";"2022";"None";"";"AGONIST";"";"4.4"
"CHEMBL4518483";"DANUGLIPRON";"2.0";"555.61";"1";"4.89";"Danuglipron";"N#Cc1ccc(COc2cccc(C3CCN(Cc4nc5ccc(C(=O)O)cc5n4C[C@@H]4CCO4)CC3)n2)c(F)c1";"Ki";"'='";"360.0";"nM";"6.44";"";"";"UO_0000065";"11.60";"0.21";"1.55";"5.68";"0";"CHEMBL5168515";"Displacement of [125I]GLP-1 from FAP-tagged human GLP-1R expressed in CHO cells assessed as inhibition constant by radioligand binding assay";"B";"BAO_0000219";"cell-based format";"Homo sapiens";"None";"None";"CHO";"None";"";"";"";"CHEMBL1784";"Glucagon-like peptide 1 receptor";"Homo sapiens";"SINGLE PROTEIN";"CHEMBL5154938";"1";"Scientific Literature";"J Med Chem";"2022";"None";"";"AGONIST";"";"360.0"
"CHEMBL4101821";"";"None";"3396.80";"None";"None";"5";"CC[C@H](C)[C@H](NC(=O)[C@H](Cc1ccccc1)NC(=O)[C@H](CCC(=O)O)NC(=O)[C@H](CCCCN)NC(=O)[C@H](C)NC(=O)[C@H](C)NC(=O)[C@H](CCC(N)=O)NC(=O)CNC(=O)[C@H](CCC(=O)O)NC(=O)[C@H](CC(C)C)NC(=O)[C@H](Cc1ccc(O)cc1)NC(=O)[C@H](CO)NC(=O)[C@H](CO)NC(=O)[C@@H](NC(=O)[C@H](CC(=O)O)NC(=O)[C@H](CO)NC(=O)[C@@H](NC(=O)[C@H](Cc1ccccc1)NC(=O)[C@@H]1CSC(=O)CN[C@@H](Cc2cnc[nH]2)C(=O)N[C@@H](C)C(=O)N[C@@H](CCC(=O)O)C(=O)NCC(=O)N1)[C@@H](C)O)C(C)C)C(=O)N[C@@H](C)C(=O)N[C@@H](Cc1c[nH]c2ccccc12)C(=O)N[C@@H](CC(C)C)C(=O)N[C@H](C(=O)N[C@@H](CCCCN)C(=O)NCC(=O)N[C@@H](CCCNC(=N)N)C(=O)NCC(N)=O)C(C)C";"Ki";"'>'";"50.0";"nM";"";"";"";"UO_0000065";"";"";"";"";"0";"CHEMBL3994844";"Displacement of [125I]-GLP (7 to 36 residues) from human GLP1R expressed in CHO cell membranes incubated for 30 mins measured after 10 hrs by scintillation proximity assay";"B";"BAO_0000219";"cell-based format";"Homo sapiens";"None";"None";"None";"None";"";"";"";"CHEMBL1784";"Glucagon-like peptide 1 receptor";"Homo sapiens";"SINGLE PROTEIN";"CHEMBL3994575";"1";"Scientific Literature";"Eur J Med Chem";"2017";"None";"";"";"";"50.0"
"CHEMBL4084829";"";"None";"3461.85";"None";"None";"18";"CC[C@H](C)[C@H](NC(=O)[C@H](Cc1ccccc1)NC(=O)[C@H](CCC(=O)O)NC(=O)[C@H](CCCCN)NC(=O)[C@H](C)NC(=O)[C@H](C)NC(=O)[C@H](CCC(N)=O)NC(=O)[C@@H]1CC(=O)NCCCC[C@H](NC(=O)[C@H](CO)NC(=O)[C@@H](NC(=O)[C@H](CC(=O)O)NC(=O)[C@H](CO)NC(=O)[C@@H](NC(=O)[C@H](Cc2ccccc2)NC(=O)[C@@H](NC(=O)CNC(=O)[C@H](CCC(=O)O)NC(=O)[C@H](C)NC(=O)[C@@H](N)Cc2cnc[nH]2)[C@@H](C)O)[C@@H](C)O)C(C)C)C(=O)N[C@@H](Cc2ccc(O)cc2)C(=O)N[C@@H](CC(C)C)C(=O)N[C@@H](CCC(=O)O)C(=O)N1)C(=O)N[C@H]1CCCCNC(=O)C[C@@H](C(=O)NCC(=O)N[C@@H](CCCNC(=N)N)C(=O)NCC(N)=O)NC(=O)[C@H](C(C)C)NC(=O)[C@H](CC(C)C)NC(=O)[C@H](Cc2c[nH]c3ccccc23)NC1=O";"Ki";"'='";"0.94";"nM";"9.03";"";"";"UO_0000065";"2.61";"None";"None";"None";"0";"CHEMBL3994844";"Displacement of [125I]-GLP (7 to 36 residues) from human GLP1R expressed in CHO cell membranes incubated for 30 mins measured after 10 hrs by scintillation proximity assay";"B";"BAO_0000219";"cell-based format";"Homo sapiens";"None";"None";"None";"None";"";"";"";"CHEMBL1784";"Glucagon-like peptide 1 receptor";"Homo sapiens";"SINGLE PROTEIN";"CHEMBL3994575";"1";"Scientific Literature";"Eur J Med Chem";"2017";"None";"";"";"";"0.94"
"CHEMBL499930";"";"None";"3354.73";"None";"None";"GLP-1(7-37)NH2";"CC[C@H](C)[C@H](NC(=O)[C@H](Cc1ccccc1)NC(=O)[C@H](CCC(=O)O)NC(=O)[C@H](CCCCN)NC(=O)[C@H](C)NC(=O)[C@H](C)NC(=O)[C@H](CCC(N)=O)NC(=O)CNC(=O)[C@H](CCC(=O)O)NC(=O)[C@H](CC(C)C)NC(=O)[C@H](Cc1ccc(O)cc1)NC(=O)[C@H](CO)NC(=O)[C@H](CO)NC(=O)[C@@H](NC(=O)[C@H](CC(=O)O)NC(=O)[C@H](CO)NC(=O)[C@@H](NC(=O)[C@H](Cc1ccccc1)NC(=O)[C@@H](NC(=O)CNC(=O)[C@H](CCC(=O)O)NC(=O)[C@H](C)NC(=O)[C@@H](N)Cc1c[nH]cn1)[C@@H](C)O)[C@@H](C)O)C(C)C)C(=O)N[C@@H](C)C(=O)N[C@@H](Cc1c[nH]c2ccccc12)C(=O)N[C@@H](CC(C)C)C(=O)N[C@H](C(=O)N[C@@H](CCCCN)C(=O)NCC(=O)N[C@@H](CCCNC(=N)N)C(=O)NCC(N)=O)C(C)C";"Ki";"'='";"0.32";"nM";"9.49";"";"";"UO_0000065";"2.83";"None";"None";"None";"0";"CHEMBL3994844";"Displacement of [125I]-GLP (7 to 36 residues) from human GLP1R expressed in CHO cell membranes incubated for 30 mins measured after 10 hrs by scintillation proximity assay";"B";"BAO_0000219";"cell-based format";"Homo sapiens";"None";"None";"None";"None";"";"";"";"CHEMBL1784";"Glucagon-like peptide 1 receptor";"Homo sapiens";"SINGLE PROTEIN";"CHEMBL3994575";"1";"Scientific Literature";"Eur J Med Chem";"2017";"None";"";"";"";"0.32"
"CHEMBL4087789";"";"None";"3394.75";"None";"None";"22";"CC[C@H](C)[C@H](NC(=O)[C@H](Cc1ccccc1)NC(=O)[C@H](CCC(=O)O)NC(=O)[C@H](CCCCN)NC(=O)[C@H](C)NC(=O)[C@H](C)NC(=O)[C@H](CCC(N)=O)NC(=O)[C@H](C)NC(=O)[C@H](CCC(=O)O)NC(=O)[C@H](CC(C)C)NC(=O)[C@H](Cc1ccc(O)cc1)NC(=O)[C@H](CO)NC(=O)[C@H](CO)NC(=O)[C@@H](NC(=O)[C@H](CC(=O)O)NC(=O)[C@H](CO)NC(=O)[C@@H](NC(=O)[C@H](Cc1ccccc1)NC(=O)[C@@H](NC(=O)CNC(=O)[C@H](CCC(=O)O)NC(=O)[C@H](C)NC(=O)[C@@H](N)Cc1cnc[nH]1)[C@@H](C)O)[C@@H](C)O)C(C)C)C(=O)N[C@H]1CCCCNC(=O)C[C@@H](C(=O)NCC(=O)N[C@@H](CCCNC(=N)N)C(=O)NCC(N)=O)NC(=O)[C@H](C(C)C)NC(=O)[C@H](CC(C)C)NC(=O)[C@H](Cc2c[nH]c3ccccc23)NC1=O";"Ki";"'='";"1.7";"nM";"8.77";"";"";"UO_0000065";"2.58";"None";"None";"None";"0";"CHEMBL3994844";"Displacement of [125I]-GLP (7 to 36 residues) from human GLP1R expressed in CHO cell membranes incubated for 30 mins measured after 10 hrs by scintillation proximity assay";"B";"BAO_0000219";"cell-based format";"Homo sapiens";"None";"None";"None";"None";"";"";"";"CHEMBL1784";"Glucagon-like peptide 1 receptor";"Homo sapiens";"SINGLE PROTEIN";"CHEMBL3994575";"1";"Scientific Literature";"Eur J Med Chem";"2017";"None";"";"";"";"1.7"
"CHEMBL4069162";"";"None";"3444.77";"None";"None";"26";"CC[C@H](C)[C@H](NC(=O)[C@H](Cc1ccccc1)NC(=O)[C@H](CCC(=O)O)NC(=O)[C@H](CCCCN)NC(=O)[C@H](C)NC(=O)[C@H](C)NC(=O)[C@H](CCC(N)=O)NC(=O)CNC(=O)[C@H](CCC(=O)O)NC(=O)[C@H](CC(C)C)NC(=O)[C@H](Cc1ccc(O)cc1)NC(=O)[C@H](CO)NC(=O)[C@H](CO)NC(=O)[C@H](Cc1ccc(O)cc1)NC(=O)[C@H](CC(=O)O)NC(=O)[C@H](CO)NC(=O)[C@@H](NC(=O)[C@H](Cc1ccccc1)NC(=O)[C@@H](NC(=O)CNC(=O)[C@H](CCC(=O)O)NC(=O)[C@H](C)NC(=O)[C@@H](N)Cc1cnc[nH]1)[C@@H](C)O)[C@@H](C)O)C(=O)N[C@H]1CCCCNC(=O)C[C@@H](C(=O)NCC(=O)N[C@@H](CCCNC(=N)N)C(=O)NCC(N)=O)NC(=O)[C@H](C(C)C)NC(=O)[C@H](CC(C)C)NC(=O)[C@H](Cc2c[nH]c3ccccc23)NC1=O";"Ki";"'='";"0.49";"nM";"9.31";"";"";"UO_0000065";"2.70";"None";"None";"None";"0";"CHEMBL3994844";"Displacement of [125I]-GLP (7 to 36 residues) from human GLP1R expressed in CHO cell membranes incubated for 30 mins measured after 10 hrs by scintillation proximity assay";"B";"BAO_0000219";"cell-based format";"Homo sapiens";"None";"None";"None";"None";"";"";"";"CHEMBL1784";"Glucagon-like peptide 1 receptor";"Homo sapiens";"SINGLE PROTEIN";"CHEMBL3994575";"1";"Scientific Literature";"Eur J Med Chem";"2017";"None";"";"";"";"0.49"
"CHEMBL1933364";"";"None";"528.45";"2";"5.59";"47, (+)-enantiomer";"O=C(O)CCNC(=O)c1ccc(C(CCC(F)(F)F)Nc2cnn(-c3ccc(C(F)(F)F)cc3)c2)cc1";"Ki";"'='";"4220.0";"nM";"5.38";"";"";"UO_0000065";"10.17";"0.20";"-0.22";"5.58";"0";"CHEMBL1937452";"Displacement of [125I]GLP-1 from human GLP1R";"B";"BAO_0000357";"single protein format";"Homo sapiens";"None";"None";"None";"None";"";"";"";"CHEMBL1784";"Glucagon-like peptide 1 receptor";"Homo sapiens";"SINGLE PROTEIN";"CHEMBL1933020";"1";"Scientific Literature";"Bioorg Med Chem Lett";"2012";"None";"";"";"";"4.22"
"CHEMBL1933365";"";"None";"500.52";"2";"5.44";"49, (+)-enantiomer";"O=C(O)CCNC(=O)c1ccc(C(Nc2cnn(-c3ccc(C(F)(F)F)cc3)c2)C2CCCC2)cc1";"Ki";"'='";"6620.0";"nM";"5.18";"";"";"UO_0000065";"10.35";"0.20";"-0.26";"5.38";"0";"CHEMBL1937452";"Displacement of [125I]GLP-1 from human GLP1R";"B";"BAO_0000357";"single protein format";"Homo sapiens";"None";"None";"None";"None";"";"";"";"CHEMBL1784";"Glucagon-like peptide 1 receptor";"Homo sapiens";"SINGLE PROTEIN";"CHEMBL1933020";"1";"Scientific Literature";"Bioorg Med Chem Lett";"2012";"None";"";"";"";"6.62"
"CHEMBL4081554";"";"None";"4187.69";"None";"None";"Ex-4(1-39)-NH2";"CC[C@H](C)[C@H](NC(=O)[C@H](Cc1ccccc1)NC(=O)[C@H](CC(C)C)NC(=O)[C@H](CCCNC(=N)N)NC(=O)[C@@H](NC(=O)[C@H](C)NC(=O)[C@H](CCC(=O)O)NC(=O)[C@H](CCC(=O)O)NC(=O)[C@H](CCC(=O)O)NC(=O)[C@H](CCSC)NC(=O)[C@H](CCC(N)=O)NC(=O)[C@H](CCCCN)NC(=O)[C@H](CO)NC(=O)[C@H](CC(C)C)NC(=O)[C@H](CC(=O)O)NC(=O)[C@H](CO)NC(=O)[C@@H](NC(=O)[C@H](Cc1ccccc1)NC(=O)[C@@H](NC(=O)CNC(=O)[C@H](CCC(=O)O)NC(=O)CNC(=O)[C@@H](N)Cc1cnc[nH]1)[C@@H](C)O)[C@@H](C)O)C(C)C)C(=O)N[C@@H](CCC(=O)O)C(=O)N[C@@H](Cc1c[nH]c2ccccc12)C(=O)N[C@@H](CC(C)C)C(=O)N[C@@H](CCCCN)C(=O)N[C@@H](CC(N)=O)C(=O)NCC(=O)NCC(=O)N1CCC[C@H]1C(=O)N[C@@H](CO)C(=O)N[C@@H](CO)C(=O)NCC(=O)N[C@@H](C)C(=O)N1CCC[C@H]1C(=O)N1CCC[C@H]1C(=O)N1CCC[C@H]1C(=O)[C@H](CS)C(N)=O";"Ki";"'='";"0.11";"nM";"9.96";"";"";"UO_0000065";"2.38";"None";"None";"None";"0";"CHEMBL3994844";"Displacement of [125I]-GLP (7 to 36 residues) from human GLP1R expressed in CHO cell membranes incubated for 30 mins measured after 10 hrs by scintillation proximity assay";"B";"BAO_0000219";"cell-based format";"Homo sapiens";"None";"None";"None";"None";"";"";"";"CHEMBL1784";"Glucagon-like peptide 1 receptor";"Homo sapiens";"SINGLE PROTEIN";"CHEMBL3994575";"1";"Scientific Literature";"Eur J Med Chem";"2017";"None";"";"";"";"0.11"
"CHEMBL4518483";"DANUGLIPRON";"2.0";"555.61";"1";"4.89";"Danuglipron";"N#Cc1ccc(COc2cccc(C3CCN(Cc4nc5ccc(C(=O)O)cc5n4C[C@@H]4CCO4)CC3)n2)c(F)c1";"Ki";"'='";"80.0";"nM";"7.10";"";"";"UO_0000065";"12.77";"0.24";"2.21";"6.25";"0";"CHEMBL5168516";"Displacement of [3H]PF-06883365 from FAP-tagged human GLP-1R expressed in CHO cells assessed as inhibition constant by radioligand binding assay";"B";"BAO_0000219";"cell-based format";"Homo sapiens";"None";"None";"CHO";"None";"";"";"";"CHEMBL1784";"Glucagon-like peptide 1 receptor";"Homo sapiens";"SINGLE PROTEIN";"CHEMBL5154938";"1";"Scientific Literature";"J Med Chem";"2022";"None";"";"AGONIST";"";"80.0"
"CHEMBL4084119";"LIRAGLUTIDE";"4.0";"3751.26";"None";"None";"Liraglutide";"CCCCCCCCCCCCCCCC(=O)N[C@@H](CCC(=O)NCCCC[C@H](NC(=O)[C@H](C)NC(=O)[C@H](C)NC(=O)[C@H](CCC(N)=O)NC(=O)CNC(=O)[C@H](CCC(=O)O)NC(=O)[C@H](CC(C)C)NC(=O)[C@H](Cc1ccc(O)cc1)NC(=O)[C@H](CO)NC(=O)[C@H](CO)NC(=O)[C@@H](NC(=O)[C@H](CC(=O)O)NC(=O)[C@H](CO)NC(=O)[C@@H](NC(=O)[C@H](Cc1ccccc1)NC(=O)[C@@H](NC(=O)CNC(=O)[C@H](CCC(=O)O)NC(=O)[C@H](C)NC(=O)[C@@H](N)Cc1cnc[nH]1)[C@@H](C)O)[C@@H](C)O)C(C)C)C(=O)N[C@@H](CCC(=O)O)C(=O)N[C@@H](Cc1ccccc1)C(=O)N[C@H](C(=O)N[C@@H](C)C(=O)N[C@@H](Cc1c[nH]c2ccccc12)C(=O)N[C@@H](CC(C)C)C(=O)N[C@H](C(=O)N[C@@H](CCCNC(=N)N)C(=O)NCC(=O)N[C@@H](CCCNC(=N)N)C(=O)NCC(=O)O)C(C)C)[C@@H](C)CC)C(=O)O";"Ki";"'='";"6.3";"nM";"8.20";"";"";"UO_0000065";"2.19";"None";"None";"None";"0";"CHEMBL5168516";"Displacement of [3H]PF-06883365 from FAP-tagged human GLP-1R expressed in CHO cells assessed as inhibition constant by radioligand binding assay";"B";"BAO_0000219";"cell-based format";"Homo sapiens";"None";"None";"CHO";"None";"";"";"";"CHEMBL1784";"Glucagon-like peptide 1 receptor";"Homo sapiens";"SINGLE PROTEIN";"CHEMBL5154938";"1";"Scientific Literature";"J Med Chem";"2022";"None";"";"AGONIST";"";"6.3"
"CHEMBL2381848";"PF-06291874";"2.0";"503.52";"2";"5.63";"17";"CCC[C@H](Oc1cc(C)c(-n2cc(C(F)(F)F)cn2)c(C)c1)c1ccc(C(=O)NCCC(=O)O)cc1";"Ki";"'='";"3160.0";"nM";"5.50";"";"";"UO_0000065";"10.92";"0.21";"-0.13";"5.89";"0";"CHEMBL2382727";"Binding affinity to GLP-1 receptor (unknown origin)";"B";"BAO_0000357";"single protein format";"Homo sapiens";"None";"None";"None";"None";"";"";"";"CHEMBL1784";"Glucagon-like peptide 1 receptor";"Homo sapiens";"SINGLE PROTEIN";"CHEMBL2380306";"1";"Scientific Literature";"Bioorg Med Chem Lett";"2013";"None";"";"";"";"3160.0"
"CHEMBL4072398";"";"None";"3336.72";"None";"None";"1";"CC[C@H](C)[C@H](NC(=O)[C@H](Cc1ccccc1)NC(=O)[C@H](CCC(=O)O)NC(=O)[C@H](CCCCN)NC(=O)[C@H](C)NC(=O)[C@H](C)NC(=O)[C@H](CCC(N)=O)NC(=O)CNC(=O)[C@H](CCC(=O)O)NC(=O)[C@H](CC(C)C)NC(=O)[C@H](Cc1ccc(O)cc1)NC(=O)[C@H](CO)NC(=O)[C@H](CO)NC(=O)[C@@H](NC(=O)[C@H](CC(=O)O)NC(=O)[C@H](CO)NC(=O)[C@@H](NC(=O)[C@H](Cc1ccccc1)NC(=O)[C@@H](NC(=O)CNC(=O)[C@@H]1CCC(=O)N[C@@H](Cc2cnc[nH]2)C(=O)N[C@@H](C)C(=O)N1)[C@@H](C)O)[C@@H](C)O)C(C)C)C(=O)N[C@@H](C)C(=O)N[C@@H](Cc1c[nH]c2ccccc12)C(=O)N[C@@H](CC(C)C)C(=O)N[C@H](C(=O)N[C@@H](CCCCN)C(=O)NCC(=O)N[C@@H](CCCNC(=N)N)C(=O)NCC(N)=O)C(C)C";"Ki";"'>'";"50.0";"nM";"";"";"";"UO_0000065";"";"";"";"";"0";"CHEMBL3994844";"Displacement of [125I]-GLP (7 to 36 residues) from human GLP1R expressed in CHO cell membranes incubated for 30 mins measured after 10 hrs by scintillation proximity assay";"B";"BAO_0000219";"cell-based format";"Homo sapiens";"None";"None";"None";"None";"";"";"";"CHEMBL1784";"Glucagon-like peptide 1 receptor";"Homo sapiens";"SINGLE PROTEIN";"CHEMBL3994575";"1";"Scientific Literature";"Eur J Med Chem";"2017";"None";"";"";"";"50.0"
"CHEMBL4100325";"";"None";"3449.88";"None";"None";"14";"CC[C@H](C)[C@H](NC(=O)[C@H](Cc1ccccc1)NC(=O)[C@H](CCC(=O)O)NC(=O)[C@H](CCCCN)NC(=O)[C@H](C)NC(=O)[C@H](C)NC(=O)[C@H](CCC(N)=O)NC(=O)[C@@H]1CCCCNC(=O)CC[C@H](NC(=O)[C@H](CO)NC(=O)[C@@H](NC(=O)[C@H](CC(=O)O)NC(=O)[C@H](CO)NC(=O)[C@@H](NC(=O)[C@H](Cc2ccccc2)NC(=O)[C@@H](NC(=O)CNC(=O)[C@H](CCC(=O)O)NC(=O)[C@H](C)NC(=O)[C@@H](N)Cc2cnc[nH]2)[C@@H](C)O)[C@@H](C)O)C(C)C)C(=O)N[C@@H](Cc2ccc(O)cc2)C(=O)N[C@@H](CC(C)C)C(=O)N[C@@H](CCC(=O)O)C(=O)N1)C(=O)N[C@@H](C)C(=O)N[C@@H](Cc1c[nH]c2ccccc12)C(=O)N[C@@H](CC(C)C)C(=O)N[C@H](C(=O)N[C@@H](CCCCN)C(=O)NCC(=O)N[C@@H](CCCNC(=N)N)C(=O)NCC(N)=O)C(C)C";"Ki";"'='";"0.8";"nM";"9.10";"";"";"UO_0000065";"2.64";"None";"None";"None";"0";"CHEMBL3994844";"Displacement of [125I]-GLP (7 to 36 residues) from human GLP1R expressed in CHO cell membranes incubated for 30 mins measured after 10 hrs by scintillation proximity assay";"B";"BAO_0000219";"cell-based format";"Homo sapiens";"None";"None";"None";"None";"";"";"";"CHEMBL1784";"Glucagon-like peptide 1 receptor";"Homo sapiens";"SINGLE PROTEIN";"CHEMBL3994575";"1";"Scientific Literature";"Eur J Med Chem";"2017";"None";"";"";"";"0.8"
"CHEMBL4088708";"";"None";"3430.83";"None";"None";"25";"CC[C@H](C)[C@H](NC(=O)[C@H](Cc1ccccc1)NC(=O)[C@H](CCC(=O)O)NC(=O)[C@H](CCCCN)NC(=O)[C@H](C)NC(=O)[C@H](C)NC(=O)[C@H](CCC(N)=O)NC(=O)CNC(=O)[C@H](CCC(=O)O)NC(=O)[C@H](CC(C)C)NC(=O)[C@H](Cc1ccc(O)cc1)NC(=O)[C@H](CO)NC(=O)[C@H](Cc1ccc(O)cc1)NC(=O)[C@@H](NC(=O)[C@H](CC(=O)O)NC(=O)[C@H](CO)NC(=O)[C@@H](NC(=O)[C@H](Cc1ccccc1)NC(=O)[C@@H](NC(=O)CNC(=O)[C@H](CCC(=O)O)NC(=O)[C@H](C)NC(=O)[C@@H](N)Cc1cnc[nH]1)[C@@H](C)O)[C@@H](C)O)C(C)C)C(=O)N[C@@H](C)C(=O)N[C@@H](Cc1c[nH]c2ccccc12)C(=O)N[C@@H](CC(C)C)C(=O)N[C@H](C(=O)N[C@@H](CCCCN)C(=O)NCC(=O)N[C@@H](CCCNC(=N)N)C(=O)NCC(N)=O)C(C)C";"Ki";"'='";"26.0";"nM";"7.58";"";"";"UO_0000065";"2.21";"None";"None";"None";"0";"CHEMBL3994844";"Displacement of [125I]-GLP (7 to 36 residues) from human GLP1R expressed in CHO cell membranes incubated for 30 mins measured after 10 hrs by scintillation proximity assay";"B";"BAO_0000219";"cell-based format";"Homo sapiens";"None";"None";"None";"None";"";"";"";"CHEMBL1784";"Glucagon-like peptide 1 receptor";"Homo sapiens";"SINGLE PROTEIN";"CHEMBL3994575";"1";"Scientific Literature";"Eur J Med Chem";"2017";"None";"";"";"";"26.0"
